year,cmun,mun,modality,tot_robs
2015,9002,Azcapotzalco,Con violencia,883.0
2015,9002,Azcapotzalco,"Robo de cables, tubos y otros objetos destinados a servicios públicos Con violencia",0.0
2015,9002,Azcapotzalco,"Robo de cables, tubos y otros objetos destinados a servicios públicos Sin violencia",0.0
2015,9002,Azcapotzalco,Robo de coche de 4 ruedas Con violencia,159.0
2015,9002,Azcapotzalco,Robo de coche de 4 ruedas Sin violencia,559.0
2015,9002,Azcapotzalco,Robo de embarcaciones pequeñas y grandes Con violencia,0.0
2015,9002,Azcapotzalco,Robo de embarcaciones pequeñas y grandes Sin violencia,0.0
2015,9002,Azcapotzalco,Robo de herramienta industrial o agrícola Con violencia,0.0
2015,9002,Azcapotzalco,Robo de herramienta industrial o agrícola Sin violencia,0.0
2015,9002,Azcapotzalco,Robo de motocicleta Con violencia,53.0
2015,9002,Azcapotzalco,Robo de motocicleta Sin violencia,82.0
2015,9002,Azcapotzalco,Robo de tractores Con violencia,0.0
2015,9002,Azcapotzalco,Robo de tractores Sin violencia,0.0
2015,9002,Azcapotzalco,Sin violencia,2509.0
2015,9003,Coyoacán,Con violencia,1211.0
2015,9003,Coyoacán,"Robo de cables, tubos y otros objetos destinados a servicios públicos Con violencia",0.0
2015,9003,Coyoacán,"Robo de cables, tubos y otros objetos destinados a servicios públicos Sin violencia",0.0
2015,9003,Coyoacán,Robo de coche de 4 ruedas Con violencia,172.0
2015,9003,Coyoacán,Robo de coche de 4 ruedas Sin violencia,833.0
2015,9003,Coyoacán,Robo de embarcaciones pequeñas y grandes Con violencia,0.0
2015,9003,Coyoacán,Robo de embarcaciones pequeñas y grandes Sin violencia,0.0
2015,9003,Coyoacán,Robo de herramienta industrial o agrícola Con violencia,0.0
2015,9003,Coyoacán,Robo de herramienta industrial o agrícola Sin violencia,0.0
2015,9003,Coyoacán,Robo de motocicleta Con violencia,17.0
2015,9003,Coyoacán,Robo de motocicleta Sin violencia,74.0
2015,9003,Coyoacán,Robo de tractores Con violencia,0.0
2015,9003,Coyoacán,Robo de tractores Sin violencia,0.0
2015,9003,Coyoacán,Sin violencia,3699.0
2015,9004,Cuajimalpa de Morelos,Con violencia,109.0
2015,9004,Cuajimalpa de Morelos,"Robo de cables, tubos y otros objetos destinados a servicios públicos Con violencia",0.0
2015,9004,Cuajimalpa de Morelos,"Robo de cables, tubos y otros objetos destinados a servicios públicos Sin violencia",0.0
2015,9004,Cuajimalpa de Morelos,Robo de coche de 4 ruedas Con violencia,19.0
2015,9004,Cuajimalpa de Morelos,Robo de coche de 4 ruedas Sin violencia,66.0
2015,9004,Cuajimalpa de Morelos,Robo de embarcaciones pequeñas y grandes Con violencia,0.0
2015,9004,Cuajimalpa de Morelos,Robo de embarcaciones pequeñas y grandes Sin violencia,0.0
2015,9004,Cuajimalpa de Morelos,Robo de herramienta industrial o agrícola Con violencia,0.0
2015,9004,Cuajimalpa de Morelos,Robo de herramienta industrial o agrícola Sin violencia,0.0
2015,9004,Cuajimalpa de Morelos,Robo de motocicleta Con violencia,1.0
2015,9004,Cuajimalpa de Morelos,Robo de motocicleta Sin violencia,5.0
2015,9004,Cuajimalpa de Morelos,Robo de tractores Con violencia,0.0
2015,9004,Cuajimalpa de Morelos,Robo de tractores Sin violencia,0.0
2015,9004,Cuajimalpa de Morelos,Sin violencia,727.0
2015,9005,Gustavo A. Madero,Con violencia,2891.0
2015,9005,Gustavo A. Madero,"Robo de cables, tubos y otros objetos destinados a servicios públicos Con violencia",0.0
2015,9005,Gustavo A. Madero,"Robo de cables, tubos y otros objetos destinados a servicios públicos Sin violencia",0.0
2015,9005,Gustavo A. Madero,Robo de coche de 4 ruedas Con violencia,530.0
2015,9005,Gustavo A. Madero,Robo de coche de 4 ruedas Sin violencia,978.0
2015,9005,Gustavo A. Madero,Robo de embarcaciones pequeñas y grandes Con violencia,0.0
2015,9005,Gustavo A. Madero,Robo de embarcaciones pequeñas y grandes Sin violencia,0.0
2015,9005,Gustavo A. Madero,Robo de herramienta industrial o agrícola Con violencia,0.0
2015,9005,Gustavo A. Madero,Robo de herramienta industrial o agrícola Sin violencia,0.0
2015,9005,Gustavo A. Madero,Robo de motocicleta Con violencia,164.0
2015,9005,Gustavo A. Madero,Robo de motocicleta Sin violencia,119.0
2015,9005,Gustavo A. Madero,Robo de tractores Con violencia,0.0
2015,9005,Gustavo A. Madero,Robo de tractores Sin violencia,2.0
2015,9005,Gustavo A. Madero,Sin violencia,4099.0
2015,9006,Iztacalco,Con violencia,1015.0
2015,9006,Iztacalco,"Robo de cables, tubos y otros objetos destinados a servicios públicos Con violencia",0.0
2015,9006,Iztacalco,"Robo de cables, tubos y otros objetos destinados a servicios públicos Sin violencia",0.0
2015,9006,Iztacalco,Robo de coche de 4 ruedas Con violencia,149.0
2015,9006,Iztacalco,Robo de coche de 4 ruedas Sin violencia,300.0
2015,9006,Iztacalco,Robo de embarcaciones pequeñas y grandes Con violencia,0.0
2015,9006,Iztacalco,Robo de embarcaciones pequeñas y grandes Sin violencia,0.0
2015,9006,Iztacalco,Robo de herramienta industrial o agrícola Con violencia,0.0
2015,9006,Iztacalco,Robo de herramienta industrial o agrícola Sin violencia,0.0
2015,9006,Iztacalco,Robo de motocicleta Con violencia,53.0
2015,9006,Iztacalco,Robo de motocicleta Sin violencia,43.0
2015,9006,Iztacalco,Robo de tractores Con violencia,0.0
2015,9006,Iztacalco,Robo de tractores Sin violencia,0.0
2015,9006,Iztacalco,Sin violencia,1441.0
2015,9007,Iztapalapa,Con violencia,4328.0
2015,9007,Iztapalapa,"Robo de cables, tubos y otros objetos destinados a servicios públicos Con violencia",0.0
2015,9007,Iztapalapa,"Robo de cables, tubos y otros objetos destinados a servicios públicos Sin violencia",0.0
2015,9007,Iztapalapa,Robo de coche de 4 ruedas Con violencia,805.0
2015,9007,Iztapalapa,Robo de coche de 4 ruedas Sin violencia,1369.0
2015,9007,Iztapalapa,Robo de embarcaciones pequeñas y grandes Con violencia,0.0
2015,9007,Iztapalapa,Robo de embarcaciones pequeñas y grandes Sin violencia,0.0
2015,9007,Iztapalapa,Robo de herramienta industrial o agrícola Con violencia,0.0
2015,9007,Iztapalapa,Robo de herramienta industrial o agrícola Sin violencia,0.0
2015,9007,Iztapalapa,Robo de motocicleta Con violencia,149.0
2015,9007,Iztapalapa,Robo de motocicleta Sin violencia,194.0
2015,9007,Iztapalapa,Robo de tractores Con violencia,2.0
2015,9007,Iztapalapa,Robo de tractores Sin violencia,0.0
2015,9007,Iztapalapa,Sin violencia,5799.0
2015,9008,La Magdalena Contreras,Con violencia,166.0
2015,9008,La Magdalena Contreras,"Robo de cables, tubos y otros objetos destinados a servicios públicos Con violencia",0.0
2015,9008,La Magdalena Contreras,"Robo de cables, tubos y otros objetos destinados a servicios públicos Sin violencia",0.0
2015,9008,La Magdalena Contreras,Robo de coche de 4 ruedas Con violencia,37.0
2015,9008,La Magdalena Contreras,Robo de coche de 4 ruedas Sin violencia,116.0
2015,9008,La Magdalena Contreras,Robo de embarcaciones pequeñas y grandes Con violencia,0.0
2015,9008,La Magdalena Contreras,Robo de embarcaciones pequeñas y grandes Sin violencia,0.0
2015,9008,La Magdalena Contreras,Robo de herramienta industrial o agrícola Con violencia,0.0
2015,9008,La Magdalena Contreras,Robo de herramienta industrial o agrícola Sin violencia,0.0
2015,9008,La Magdalena Contreras,Robo de motocicleta Con violencia,3.0
2015,9008,La Magdalena Contreras,Robo de motocicleta Sin violencia,9.0
2015,9008,La Magdalena Contreras,Robo de tractores Con violencia,0.0
2015,9008,La Magdalena Contreras,Robo de tractores Sin violencia,0.0
2015,9008,La Magdalena Contreras,Sin violencia,479.0
2015,9009,Milpa Alta,Con violencia,45.0
2015,9009,Milpa Alta,"Robo de cables, tubos y otros objetos destinados a servicios públicos Con violencia",0.0
2015,9009,Milpa Alta,"Robo de cables, tubos y otros objetos destinados a servicios públicos Sin violencia",0.0
2015,9009,Milpa Alta,Robo de coche de 4 ruedas Con violencia,22.0
2015,9009,Milpa Alta,Robo de coche de 4 ruedas Sin violencia,57.0
2015,9009,Milpa Alta,Robo de embarcaciones pequeñas y grandes Con violencia,0.0
2015,9009,Milpa Alta,Robo de embarcaciones pequeñas y grandes Sin violencia,0.0
2015,9009,Milpa Alta,Robo de herramienta industrial o agrícola Con violencia,0.0
2015,9009,Milpa Alta,Robo de herramienta industrial o agrícola Sin violencia,0.0
2015,9009,Milpa Alta,Robo de motocicleta Con violencia,2.0
2015,9009,Milpa Alta,Robo de motocicleta Sin violencia,3.0
2015,9009,Milpa Alta,Robo de tractores Con violencia,0.0
2015,9009,Milpa Alta,Robo de tractores Sin violencia,0.0
2015,9009,Milpa Alta,Sin violencia,158.0
2015,9010,Álvaro Obregón,Con violencia,1337.0
2015,9010,Álvaro Obregón,"Robo de cables, tubos y otros objetos destinados a servicios públicos Con violencia",0.0
2015,9010,Álvaro Obregón,"Robo de cables, tubos y otros objetos destinados a servicios públicos Sin violencia",0.0
2015,9010,Álvaro Obregón,Robo de coche de 4 ruedas Con violencia,140.0
2015,9010,Álvaro Obregón,Robo de coche de 4 ruedas Sin violencia,519.0
2015,9010,Álvaro Obregón,Robo de embarcaciones pequeñas y grandes Con violencia,0.0
2015,9010,Álvaro Obregón,Robo de embarcaciones pequeñas y grandes Sin violencia,0.0
2015,9010,Álvaro Obregón,Robo de herramienta industrial o agrícola Con violencia,0.0
2015,9010,Álvaro Obregón,Robo de herramienta industrial o agrícola Sin violencia,0.0
2015,9010,Álvaro Obregón,Robo de motocicleta Con violencia,16.0
2015,9010,Álvaro Obregón,Robo de motocicleta Sin violencia,54.0
2015,9010,Álvaro Obregón,Robo de tractores Con violencia,0.0
2015,9010,Álvaro Obregón,Robo de tractores Sin violencia,0.0
2015,9010,Álvaro Obregón,Sin violencia,2660.0
2015,9011,Tláhuac,Con violencia,430.0
2015,9011,Tláhuac,"Robo de cables, tubos y otros objetos destinados a servicios públicos Con violencia",0.0
2015,9011,Tláhuac,"Robo de cables, tubos y otros objetos destinados a servicios públicos Sin violencia",0.0
2015,9011,Tláhuac,Robo de coche de 4 ruedas Con violencia,76.0
2015,9011,Tláhuac,Robo de coche de 4 ruedas Sin violencia,211.0
2015,9011,Tláhuac,Robo de embarcaciones pequeñas y grandes Con violencia,0.0
2015,9011,Tláhuac,Robo de embarcaciones pequeñas y grandes Sin violencia,0.0
2015,9011,Tláhuac,Robo de herramienta industrial o agrícola Con violencia,0.0
2015,9011,Tláhuac,Robo de herramienta industrial o agrícola Sin violencia,0.0
2015,9011,Tláhuac,Robo de motocicleta Con violencia,25.0
2015,9011,Tláhuac,Robo de motocicleta Sin violencia,40.0
2015,9011,Tláhuac,Robo de tractores Con violencia,0.0
2015,9011,Tláhuac,Robo de tractores Sin violencia,0.0
2015,9011,Tláhuac,Sin violencia,653.0
2015,9012,Tlalpan,Con violencia,776.0
2015,9012,Tlalpan,"Robo de cables, tubos y otros objetos destinados a servicios públicos Con violencia",0.0
2015,9012,Tlalpan,"Robo de cables, tubos y otros objetos destinados a servicios públicos Sin violencia",0.0
2015,9012,Tlalpan,Robo de coche de 4 ruedas Con violencia,219.0
2015,9012,Tlalpan,Robo de coche de 4 ruedas Sin violencia,493.0
2015,9012,Tlalpan,Robo de embarcaciones pequeñas y grandes Con violencia,0.0
2015,9012,Tlalpan,Robo de embarcaciones pequeñas y grandes Sin violencia,0.0
2015,9012,Tlalpan,Robo de herramienta industrial o agrícola Con violencia,0.0
2015,9012,Tlalpan,Robo de herramienta industrial o agrícola Sin violencia,0.0
2015,9012,Tlalpan,Robo de motocicleta Con violencia,16.0
2015,9012,Tlalpan,Robo de motocicleta Sin violencia,32.0
2015,9012,Tlalpan,Robo de tractores Con violencia,0.0
2015,9012,Tlalpan,Robo de tractores Sin violencia,1.0
2015,9012,Tlalpan,Sin violencia,2996.0
2015,9013,Xochimilco,Con violencia,600.0
2015,9013,Xochimilco,"Robo de cables, tubos y otros objetos destinados a servicios públicos Con violencia",0.0
2015,9013,Xochimilco,"Robo de cables, tubos y otros objetos destinados a servicios públicos Sin violencia",0.0
2015,9013,Xochimilco,Robo de coche de 4 ruedas Con violencia,89.0
2015,9013,Xochimilco,Robo de coche de 4 ruedas Sin violencia,352.0
2015,9013,Xochimilco,Robo de embarcaciones pequeñas y grandes Con violencia,0.0
2015,9013,Xochimilco,Robo de embarcaciones pequeñas y grandes Sin violencia,0.0
2015,9013,Xochimilco,Robo de herramienta industrial o agrícola Con violencia,0.0
2015,9013,Xochimilco,Robo de herramienta industrial o agrícola Sin violencia,0.0
2015,9013,Xochimilco,Robo de motocicleta Con violencia,30.0
2015,9013,Xochimilco,Robo de motocicleta Sin violencia,56.0
2015,9013,Xochimilco,Robo de tractores Con violencia,0.0
2015,9013,Xochimilco,Robo de tractores Sin violencia,0.0
2015,9013,Xochimilco,Sin violencia,1315.0
2015,9014,Benito Juárez,Con violencia,882.0
2015,9014,Benito Juárez,"Robo de cables, tubos y otros objetos destinados a servicios públicos Con violencia",0.0
2015,9014,Benito Juárez,"Robo de cables, tubos y otros objetos destinados a servicios públicos Sin violencia",0.0
2015,9014,Benito Juárez,Robo de coche de 4 ruedas Con violencia,219.0
2015,9014,Benito Juárez,Robo de coche de 4 ruedas Sin violencia,591.0
2015,9014,Benito Juárez,Robo de embarcaciones pequeñas y grandes Con violencia,0.0
2015,9014,Benito Juárez,Robo de embarcaciones pequeñas y grandes Sin violencia,0.0
2015,9014,Benito Juárez,Robo de herramienta industrial o agrícola Con violencia,0.0
2015,9014,Benito Juárez,Robo de herramienta industrial o agrícola Sin violencia,0.0
2015,9014,Benito Juárez,Robo de motocicleta Con violencia,29.0
2015,9014,Benito Juárez,Robo de motocicleta Sin violencia,118.0
2015,9014,Benito Juárez,Robo de tractores Con violencia,0.0
2015,9014,Benito Juárez,Robo de tractores Sin violencia,0.0
2015,9014,Benito Juárez,Sin violencia,4441.0
2015,9015,Cuauhtémoc,Con violencia,2834.0
2015,9015,Cuauhtémoc,"Robo de cables, tubos y otros objetos destinados a servicios públicos Con violencia",0.0
2015,9015,Cuauhtémoc,"Robo de cables, tubos y otros objetos destinados a servicios públicos Sin violencia",0.0
2015,9015,Cuauhtémoc,Robo de coche de 4 ruedas Con violencia,125.0
2015,9015,Cuauhtémoc,Robo de coche de 4 ruedas Sin violencia,446.0
2015,9015,Cuauhtémoc,Robo de embarcaciones pequeñas y grandes Con violencia,0.0
2015,9015,Cuauhtémoc,Robo de embarcaciones pequeñas y grandes Sin violencia,0.0
2015,9015,Cuauhtémoc,Robo de herramienta industrial o agrícola Con violencia,0.0
2015,9015,Cuauhtémoc,Robo de herramienta industrial o agrícola Sin violencia,0.0
2015,9015,Cuauhtémoc,Robo de motocicleta Con violencia,107.0
2015,9015,Cuauhtémoc,Robo de motocicleta Sin violencia,175.0
2015,9015,Cuauhtémoc,Robo de tractores Con violencia,0.0
2015,9015,Cuauhtémoc,Robo de tractores Sin violencia,0.0
2015,9015,Cuauhtémoc,Sin violencia,8312.0
2016,9002,Azcapotzalco,Con violencia,970.0
2016,9002,Azcapotzalco,"Robo de cables, tubos y otros objetos destinados a servicios públicos Con violencia",0.0
2016,9002,Azcapotzalco,"Robo de cables, tubos y otros objetos destinados a servicios públicos Sin violencia",0.0
2016,9002,Azcapotzalco,Robo de coche de 4 ruedas Con violencia,136.0
2016,9002,Azcapotzalco,Robo de coche de 4 ruedas Sin violencia,452.0
2016,9002,Azcapotzalco,Robo de embarcaciones pequeñas y grandes Con violencia,0.0
2016,9002,Azcapotzalco,Robo de embarcaciones pequeñas y grandes Sin violencia,0.0
2016,9002,Azcapotzalco,Robo de herramienta industrial o agrícola Con violencia,0.0
2016,9002,Azcapotzalco,Robo de herramienta industrial o agrícola Sin violencia,0.0
2016,9002,Azcapotzalco,Robo de motocicleta Con violencia,68.0
2016,9002,Azcapotzalco,Robo de motocicleta Sin violencia,82.0
2016,9002,Azcapotzalco,Robo de tractores Con violencia,0.0
2016,9002,Azcapotzalco,Robo de tractores Sin violencia,0.0
2016,9002,Azcapotzalco,Sin violencia,3018.0
2016,9003,Coyoacán,Con violencia,1073.0
2016,9003,Coyoacán,"Robo de cables, tubos y otros objetos destinados a servicios públicos Con violencia",0.0
2016,9003,Coyoacán,"Robo de cables, tubos y otros objetos destinados a servicios públicos Sin violencia",0.0
2016,9003,Coyoacán,Robo de coche de 4 ruedas Con violencia,145.0
2016,9003,Coyoacán,Robo de coche de 4 ruedas Sin violencia,630.0
2016,9003,Coyoacán,Robo de embarcaciones pequeñas y grandes Con violencia,0.0
2016,9003,Coyoacán,Robo de embarcaciones pequeñas y grandes Sin violencia,0.0
2016,9003,Coyoacán,Robo de herramienta industrial o agrícola Con violencia,0.0
2016,9003,Coyoacán,Robo de herramienta industrial o agrícola Sin violencia,0.0
2016,9003,Coyoacán,Robo de motocicleta Con violencia,37.0
2016,9003,Coyoacán,Robo de motocicleta Sin violencia,46.0
2016,9003,Coyoacán,Robo de tractores Con violencia,1.0
2016,9003,Coyoacán,Robo de tractores Sin violencia,0.0
2016,9003,Coyoacán,Sin violencia,4100.0
2016,9004,Cuajimalpa de Morelos,Con violencia,96.0
2016,9004,Cuajimalpa de Morelos,"Robo de cables, tubos y otros objetos destinados a servicios públicos Con violencia",0.0
2016,9004,Cuajimalpa de Morelos,"Robo de cables, tubos y otros objetos destinados a servicios públicos Sin violencia",0.0
2016,9004,Cuajimalpa de Morelos,Robo de coche de 4 ruedas Con violencia,25.0
2016,9004,Cuajimalpa de Morelos,Robo de coche de 4 ruedas Sin violencia,42.0
2016,9004,Cuajimalpa de Morelos,Robo de embarcaciones pequeñas y grandes Con violencia,0.0
2016,9004,Cuajimalpa de Morelos,Robo de embarcaciones pequeñas y grandes Sin violencia,0.0
2016,9004,Cuajimalpa de Morelos,Robo de herramienta industrial o agrícola Con violencia,0.0
2016,9004,Cuajimalpa de Morelos,Robo de herramienta industrial o agrícola Sin violencia,0.0
2016,9004,Cuajimalpa de Morelos,Robo de motocicleta Con violencia,0.0
2016,9004,Cuajimalpa de Morelos,Robo de motocicleta Sin violencia,14.0
2016,9004,Cuajimalpa de Morelos,Robo de tractores Con violencia,0.0
2016,9004,Cuajimalpa de Morelos,Robo de tractores Sin violencia,0.0
2016,9004,Cuajimalpa de Morelos,Sin violencia,782.0
2016,9005,Gustavo A. Madero,Con violencia,2247.0
2016,9005,Gustavo A. Madero,"Robo de cables, tubos y otros objetos destinados a servicios públicos Con violencia",0.0
2016,9005,Gustavo A. Madero,"Robo de cables, tubos y otros objetos destinados a servicios públicos Sin violencia",0.0
2016,9005,Gustavo A. Madero,Robo de coche de 4 ruedas Con violencia,612.0
2016,9005,Gustavo A. Madero,Robo de coche de 4 ruedas Sin violencia,947.0
2016,9005,Gustavo A. Madero,Robo de embarcaciones pequeñas y grandes Con violencia,0.0
2016,9005,Gustavo A. Madero,Robo de embarcaciones pequeñas y grandes Sin violencia,0.0
2016,9005,Gustavo A. Madero,Robo de herramienta industrial o agrícola Con violencia,0.0
2016,9005,Gustavo A. Madero,Robo de herramienta industrial o agrícola Sin violencia,0.0
2016,9005,Gustavo A. Madero,Robo de motocicleta Con violencia,171.0
2016,9005,Gustavo A. Madero,Robo de motocicleta Sin violencia,133.0
2016,9005,Gustavo A. Madero,Robo de tractores Con violencia,0.0
2016,9005,Gustavo A. Madero,Robo de tractores Sin violencia,0.0
2016,9005,Gustavo A. Madero,Sin violencia,4193.0
2016,9006,Iztacalco,Con violencia,889.0
2016,9006,Iztacalco,"Robo de cables, tubos y otros objetos destinados a servicios públicos Con violencia",0.0
2016,9006,Iztacalco,"Robo de cables, tubos y otros objetos destinados a servicios públicos Sin violencia",0.0
2016,9006,Iztacalco,Robo de coche de 4 ruedas Con violencia,148.0
2016,9006,Iztacalco,Robo de coche de 4 ruedas Sin violencia,283.0
2016,9006,Iztacalco,Robo de embarcaciones pequeñas y grandes Con violencia,0.0
2016,9006,Iztacalco,Robo de embarcaciones pequeñas y grandes Sin violencia,0.0
2016,9006,Iztacalco,Robo de herramienta industrial o agrícola Con violencia,0.0
2016,9006,Iztacalco,Robo de herramienta industrial o agrícola Sin violencia,0.0
2016,9006,Iztacalco,Robo de motocicleta Con violencia,28.0
2016,9006,Iztacalco,Robo de motocicleta Sin violencia,37.0
2016,9006,Iztacalco,Robo de tractores Con violencia,0.0
2016,9006,Iztacalco,Robo de tractores Sin violencia,0.0
2016,9006,Iztacalco,Sin violencia,1920.0
2016,9007,Iztapalapa,Con violencia,3786.0
2016,9007,Iztapalapa,"Robo de cables, tubos y otros objetos destinados a servicios públicos Con violencia",0.0
2016,9007,Iztapalapa,"Robo de cables, tubos y otros objetos destinados a servicios públicos Sin violencia",0.0
2016,9007,Iztapalapa,Robo de coche de 4 ruedas Con violencia,837.0
2016,9007,Iztapalapa,Robo de coche de 4 ruedas Sin violencia,1047.0
2016,9007,Iztapalapa,Robo de embarcaciones pequeñas y grandes Con violencia,0.0
2016,9007,Iztapalapa,Robo de embarcaciones pequeñas y grandes Sin violencia,0.0
2016,9007,Iztapalapa,Robo de herramienta industrial o agrícola Con violencia,0.0
2016,9007,Iztapalapa,Robo de herramienta industrial o agrícola Sin violencia,0.0
2016,9007,Iztapalapa,Robo de motocicleta Con violencia,155.0
2016,9007,Iztapalapa,Robo de motocicleta Sin violencia,231.0
2016,9007,Iztapalapa,Robo de tractores Con violencia,4.0
2016,9007,Iztapalapa,Robo de tractores Sin violencia,0.0
2016,9007,Iztapalapa,Sin violencia,6751.0
2016,9008,La Magdalena Contreras,Con violencia,192.0
2016,9008,La Magdalena Contreras,"Robo de cables, tubos y otros objetos destinados a servicios públicos Con violencia",0.0
2016,9008,La Magdalena Contreras,"Robo de cables, tubos y otros objetos destinados a servicios públicos Sin violencia",0.0
2016,9008,La Magdalena Contreras,Robo de coche de 4 ruedas Con violencia,32.0
2016,9008,La Magdalena Contreras,Robo de coche de 4 ruedas Sin violencia,110.0
2016,9008,La Magdalena Contreras,Robo de embarcaciones pequeñas y grandes Con violencia,0.0
2016,9008,La Magdalena Contreras,Robo de embarcaciones pequeñas y grandes Sin violencia,0.0
2016,9008,La Magdalena Contreras,Robo de herramienta industrial o agrícola Con violencia,0.0
2016,9008,La Magdalena Contreras,Robo de herramienta industrial o agrícola Sin violencia,0.0
2016,9008,La Magdalena Contreras,Robo de motocicleta Con violencia,3.0
2016,9008,La Magdalena Contreras,Robo de motocicleta Sin violencia,10.0
2016,9008,La Magdalena Contreras,Robo de tractores Con violencia,0.0
2016,9008,La Magdalena Contreras,Robo de tractores Sin violencia,0.0
2016,9008,La Magdalena Contreras,Sin violencia,630.0
2016,9009,Milpa Alta,Con violencia,54.0
2016,9009,Milpa Alta,"Robo de cables, tubos y otros objetos destinados a servicios públicos Con violencia",0.0
2016,9009,Milpa Alta,"Robo de cables, tubos y otros objetos destinados a servicios públicos Sin violencia",0.0
2016,9009,Milpa Alta,Robo de coche de 4 ruedas Con violencia,28.0
2016,9009,Milpa Alta,Robo de coche de 4 ruedas Sin violencia,40.0
2016,9009,Milpa Alta,Robo de embarcaciones pequeñas y grandes Con violencia,0.0
2016,9009,Milpa Alta,Robo de embarcaciones pequeñas y grandes Sin violencia,0.0
2016,9009,Milpa Alta,Robo de herramienta industrial o agrícola Con violencia,0.0
2016,9009,Milpa Alta,Robo de herramienta industrial o agrícola Sin violencia,0.0
2016,9009,Milpa Alta,Robo de motocicleta Con violencia,0.0
2016,9009,Milpa Alta,Robo de motocicleta Sin violencia,6.0
2016,9009,Milpa Alta,Robo de tractores Con violencia,0.0
2016,9009,Milpa Alta,Robo de tractores Sin violencia,0.0
2016,9009,Milpa Alta,Sin violencia,166.0
2016,9010,Álvaro Obregón,Con violencia,1298.0
2016,9010,Álvaro Obregón,"Robo de cables, tubos y otros objetos destinados a servicios públicos Con violencia",0.0
2016,9010,Álvaro Obregón,"Robo de cables, tubos y otros objetos destinados a servicios públicos Sin violencia",0.0
2016,9010,Álvaro Obregón,Robo de coche de 4 ruedas Con violencia,92.0
2016,9010,Álvaro Obregón,Robo de coche de 4 ruedas Sin violencia,443.0
2016,9010,Álvaro Obregón,Robo de embarcaciones pequeñas y grandes Con violencia,0.0
2016,9010,Álvaro Obregón,Robo de embarcaciones pequeñas y grandes Sin violencia,0.0
2016,9010,Álvaro Obregón,Robo de herramienta industrial o agrícola Con violencia,0.0
2016,9010,Álvaro Obregón,Robo de herramienta industrial o agrícola Sin violencia,0.0
2016,9010,Álvaro Obregón,Robo de motocicleta Con violencia,31.0
2016,9010,Álvaro Obregón,Robo de motocicleta Sin violencia,84.0
2016,9010,Álvaro Obregón,Robo de tractores Con violencia,1.0
2016,9010,Álvaro Obregón,Robo de tractores Sin violencia,1.0
2016,9010,Álvaro Obregón,Sin violencia,3321.0
2016,9011,Tláhuac,Con violencia,387.0
2016,9011,Tláhuac,"Robo de cables, tubos y otros objetos destinados a servicios públicos Con violencia",0.0
2016,9011,Tláhuac,"Robo de cables, tubos y otros objetos destinados a servicios públicos Sin violencia",0.0
2016,9011,Tláhuac,Robo de coche de 4 ruedas Con violencia,48.0
2016,9011,Tláhuac,Robo de coche de 4 ruedas Sin violencia,160.0
2016,9011,Tláhuac,Robo de embarcaciones pequeñas y grandes Con violencia,0.0
2016,9011,Tláhuac,Robo de embarcaciones pequeñas y grandes Sin violencia,0.0
2016,9011,Tláhuac,Robo de herramienta industrial o agrícola Con violencia,0.0
2016,9011,Tláhuac,Robo de herramienta industrial o agrícola Sin violencia,0.0
2016,9011,Tláhuac,Robo de motocicleta Con violencia,31.0
2016,9011,Tláhuac,Robo de motocicleta Sin violencia,48.0
2016,9011,Tláhuac,Robo de tractores Con violencia,0.0
2016,9011,Tláhuac,Robo de tractores Sin violencia,0.0
2016,9011,Tláhuac,Sin violencia,749.0
2016,9012,Tlalpan,Con violencia,677.0
2016,9012,Tlalpan,"Robo de cables, tubos y otros objetos destinados a servicios públicos Con violencia",0.0
2016,9012,Tlalpan,"Robo de cables, tubos y otros objetos destinados a servicios públicos Sin violencia",0.0
2016,9012,Tlalpan,Robo de coche de 4 ruedas Con violencia,214.0
2016,9012,Tlalpan,Robo de coche de 4 ruedas Sin violencia,466.0
2016,9012,Tlalpan,Robo de embarcaciones pequeñas y grandes Con violencia,0.0
2016,9012,Tlalpan,Robo de embarcaciones pequeñas y grandes Sin violencia,0.0
2016,9012,Tlalpan,Robo de herramienta industrial o agrícola Con violencia,0.0
2016,9012,Tlalpan,Robo de herramienta industrial o agrícola Sin violencia,0.0
2016,9012,Tlalpan,Robo de motocicleta Con violencia,21.0
2016,9012,Tlalpan,Robo de motocicleta Sin violencia,40.0
2016,9012,Tlalpan,Robo de tractores Con violencia,2.0
2016,9012,Tlalpan,Robo de tractores Sin violencia,0.0
2016,9012,Tlalpan,Sin violencia,3398.0
2016,9013,Xochimilco,Con violencia,620.0
2016,9013,Xochimilco,"Robo de cables, tubos y otros objetos destinados a servicios públicos Con violencia",0.0
2016,9013,Xochimilco,"Robo de cables, tubos y otros objetos destinados a servicios públicos Sin violencia",0.0
2016,9013,Xochimilco,Robo de coche de 4 ruedas Con violencia,69.0
2016,9013,Xochimilco,Robo de coche de 4 ruedas Sin violencia,393.0
2016,9013,Xochimilco,Robo de embarcaciones pequeñas y grandes Con violencia,0.0
2016,9013,Xochimilco,Robo de embarcaciones pequeñas y grandes Sin violencia,0.0
2016,9013,Xochimilco,Robo de herramienta industrial o agrícola Con violencia,0.0
2016,9013,Xochimilco,Robo de herramienta industrial o agrícola Sin violencia,0.0
2016,9013,Xochimilco,Robo de motocicleta Con violencia,20.0
2016,9013,Xochimilco,Robo de motocicleta Sin violencia,43.0
2016,9013,Xochimilco,Robo de tractores Con violencia,2.0
2016,9013,Xochimilco,Robo de tractores Sin violencia,1.0
2016,9013,Xochimilco,Sin violencia,1232.0
2016,9014,Benito Juárez,Con violencia,1031.0
2016,9014,Benito Juárez,"Robo de cables, tubos y otros objetos destinados a servicios públicos Con violencia",0.0
2016,9014,Benito Juárez,"Robo de cables, tubos y otros objetos destinados a servicios públicos Sin violencia",0.0
2016,9014,Benito Juárez,Robo de coche de 4 ruedas Con violencia,161.0
2016,9014,Benito Juárez,Robo de coche de 4 ruedas Sin violencia,582.0
2016,9014,Benito Juárez,Robo de embarcaciones pequeñas y grandes Con violencia,0.0
2016,9014,Benito Juárez,Robo de embarcaciones pequeñas y grandes Sin violencia,0.0
2016,9014,Benito Juárez,Robo de herramienta industrial o agrícola Con violencia,0.0
2016,9014,Benito Juárez,Robo de herramienta industrial o agrícola Sin violencia,0.0
2016,9014,Benito Juárez,Robo de motocicleta Con violencia,31.0
2016,9014,Benito Juárez,Robo de motocicleta Sin violencia,124.0
2016,9014,Benito Juárez,Robo de tractores Con violencia,0.0
2016,9014,Benito Juárez,Robo de tractores Sin violencia,0.0
2016,9014,Benito Juárez,Sin violencia,5800.0
2016,9015,Cuauhtémoc,Con violencia,2502.0
2016,9015,Cuauhtémoc,"Robo de cables, tubos y otros objetos destinados a servicios públicos Con violencia",0.0
2016,9015,Cuauhtémoc,"Robo de cables, tubos y otros objetos destinados a servicios públicos Sin violencia",0.0
2016,9015,Cuauhtémoc,Robo de coche de 4 ruedas Con violencia,97.0
2016,9015,Cuauhtémoc,Robo de coche de 4 ruedas Sin violencia,445.0
2016,9015,Cuauhtémoc,Robo de embarcaciones pequeñas y grandes Con violencia,0.0
2016,9015,Cuauhtémoc,Robo de embarcaciones pequeñas y grandes Sin violencia,0.0
2016,9015,Cuauhtémoc,Robo de herramienta industrial o agrícola Con violencia,0.0
2016,9015,Cuauhtémoc,Robo de herramienta industrial o agrícola Sin violencia,0.0
2016,9015,Cuauhtémoc,Robo de motocicleta Con violencia,86.0
2016,9015,Cuauhtémoc,Robo de motocicleta Sin violencia,178.0
2016,9015,Cuauhtémoc,Robo de tractores Con violencia,1.0
2016,9015,Cuauhtémoc,Robo de tractores Sin violencia,0.0
2016,9015,Cuauhtémoc,Sin violencia,9227.0
2017,9002,Azcapotzalco,Con violencia,1553.0
2017,9002,Azcapotzalco,"Robo de cables, tubos y otros objetos destinados a servicios públicos Con violencia",0.0
2017,9002,Azcapotzalco,"Robo de cables, tubos y otros objetos destinados a servicios públicos Sin violencia",0.0
2017,9002,Azcapotzalco,Robo de coche de 4 ruedas Con violencia,199.0
2017,9002,Azcapotzalco,Robo de coche de 4 ruedas Sin violencia,423.0
2017,9002,Azcapotzalco,Robo de embarcaciones pequeñas y grandes Con violencia,0.0
2017,9002,Azcapotzalco,Robo de embarcaciones pequeñas y grandes Sin violencia,0.0
2017,9002,Azcapotzalco,Robo de herramienta industrial o agrícola Con violencia,0.0
2017,9002,Azcapotzalco,Robo de herramienta industrial o agrícola Sin violencia,0.0
2017,9002,Azcapotzalco,Robo de motocicleta Con violencia,118.0
2017,9002,Azcapotzalco,Robo de motocicleta Sin violencia,55.0
2017,9002,Azcapotzalco,Robo de tractores Con violencia,0.0
2017,9002,Azcapotzalco,Robo de tractores Sin violencia,0.0
2017,9002,Azcapotzalco,Sin violencia,3619.0
2017,9003,Coyoacán,Con violencia,1251.0
2017,9003,Coyoacán,"Robo de cables, tubos y otros objetos destinados a servicios públicos Con violencia",0.0
2017,9003,Coyoacán,"Robo de cables, tubos y otros objetos destinados a servicios públicos Sin violencia",0.0
2017,9003,Coyoacán,Robo de coche de 4 ruedas Con violencia,183.0
2017,9003,Coyoacán,Robo de coche de 4 ruedas Sin violencia,536.0
2017,9003,Coyoacán,Robo de embarcaciones pequeñas y grandes Con violencia,0.0
2017,9003,Coyoacán,Robo de embarcaciones pequeñas y grandes Sin violencia,0.0
2017,9003,Coyoacán,Robo de herramienta industrial o agrícola Con violencia,0.0
2017,9003,Coyoacán,Robo de herramienta industrial o agrícola Sin violencia,0.0
2017,9003,Coyoacán,Robo de motocicleta Con violencia,81.0
2017,9003,Coyoacán,Robo de motocicleta Sin violencia,73.0
2017,9003,Coyoacán,Robo de tractores Con violencia,2.0
2017,9003,Coyoacán,Robo de tractores Sin violencia,1.0
2017,9003,Coyoacán,Sin violencia,4943.0
2017,9004,Cuajimalpa de Morelos,Con violencia,129.0
2017,9004,Cuajimalpa de Morelos,"Robo de cables, tubos y otros objetos destinados a servicios públicos Con violencia",0.0
2017,9004,Cuajimalpa de Morelos,"Robo de cables, tubos y otros objetos destinados a servicios públicos Sin violencia",0.0
2017,9004,Cuajimalpa de Morelos,Robo de coche de 4 ruedas Con violencia,23.0
2017,9004,Cuajimalpa de Morelos,Robo de coche de 4 ruedas Sin violencia,55.0
2017,9004,Cuajimalpa de Morelos,Robo de embarcaciones pequeñas y grandes Con violencia,0.0
2017,9004,Cuajimalpa de Morelos,Robo de embarcaciones pequeñas y grandes Sin violencia,0.0
2017,9004,Cuajimalpa de Morelos,Robo de herramienta industrial o agrícola Con violencia,0.0
2017,9004,Cuajimalpa de Morelos,Robo de herramienta industrial o agrícola Sin violencia,0.0
2017,9004,Cuajimalpa de Morelos,Robo de motocicleta Con violencia,3.0
2017,9004,Cuajimalpa de Morelos,Robo de motocicleta Sin violencia,5.0
2017,9004,Cuajimalpa de Morelos,Robo de tractores Con violencia,0.0
2017,9004,Cuajimalpa de Morelos,Robo de tractores Sin violencia,0.0
2017,9004,Cuajimalpa de Morelos,Sin violencia,811.0
2017,9005,Gustavo A. Madero,Con violencia,2385.0
2017,9005,Gustavo A. Madero,"Robo de cables, tubos y otros objetos destinados a servicios públicos Con violencia",0.0
2017,9005,Gustavo A. Madero,"Robo de cables, tubos y otros objetos destinados a servicios públicos Sin violencia",0.0
2017,9005,Gustavo A. Madero,Robo de coche de 4 ruedas Con violencia,509.0
2017,9005,Gustavo A. Madero,Robo de coche de 4 ruedas Sin violencia,812.0
2017,9005,Gustavo A. Madero,Robo de embarcaciones pequeñas y grandes Con violencia,0.0
2017,9005,Gustavo A. Madero,Robo de embarcaciones pequeñas y grandes Sin violencia,0.0
2017,9005,Gustavo A. Madero,Robo de herramienta industrial o agrícola Con violencia,0.0
2017,9005,Gustavo A. Madero,Robo de herramienta industrial o agrícola Sin violencia,0.0
2017,9005,Gustavo A. Madero,Robo de motocicleta Con violencia,93.0
2017,9005,Gustavo A. Madero,Robo de motocicleta Sin violencia,104.0
2017,9005,Gustavo A. Madero,Robo de tractores Con violencia,0.0
2017,9005,Gustavo A. Madero,Robo de tractores Sin violencia,0.0
2017,9005,Gustavo A. Madero,Sin violencia,6474.0
2017,9006,Iztacalco,Con violencia,1401.0
2017,9006,Iztacalco,"Robo de cables, tubos y otros objetos destinados a servicios públicos Con violencia",0.0
2017,9006,Iztacalco,"Robo de cables, tubos y otros objetos destinados a servicios públicos Sin violencia",0.0
2017,9006,Iztacalco,Robo de coche de 4 ruedas Con violencia,165.0
2017,9006,Iztacalco,Robo de coche de 4 ruedas Sin violencia,249.0
2017,9006,Iztacalco,Robo de embarcaciones pequeñas y grandes Con violencia,0.0
2017,9006,Iztacalco,Robo de embarcaciones pequeñas y grandes Sin violencia,0.0
2017,9006,Iztacalco,Robo de herramienta industrial o agrícola Con violencia,0.0
2017,9006,Iztacalco,Robo de herramienta industrial o agrícola Sin violencia,0.0
2017,9006,Iztacalco,Robo de motocicleta Con violencia,41.0
2017,9006,Iztacalco,Robo de motocicleta Sin violencia,46.0
2017,9006,Iztacalco,Robo de tractores Con violencia,0.0
2017,9006,Iztacalco,Robo de tractores Sin violencia,1.0
2017,9006,Iztacalco,Sin violencia,2529.0
2017,9007,Iztapalapa,Con violencia,4687.0
2017,9007,Iztapalapa,"Robo de cables, tubos y otros objetos destinados a servicios públicos Con violencia",0.0
2017,9007,Iztapalapa,"Robo de cables, tubos y otros objetos destinados a servicios públicos Sin violencia",0.0
2017,9007,Iztapalapa,Robo de coche de 4 ruedas Con violencia,809.0
2017,9007,Iztapalapa,Robo de coche de 4 ruedas Sin violencia,1198.0
2017,9007,Iztapalapa,Robo de embarcaciones pequeñas y grandes Con violencia,0.0
2017,9007,Iztapalapa,Robo de embarcaciones pequeñas y grandes Sin violencia,0.0
2017,9007,Iztapalapa,Robo de herramienta industrial o agrícola Con violencia,0.0
2017,9007,Iztapalapa,Robo de herramienta industrial o agrícola Sin violencia,0.0
2017,9007,Iztapalapa,Robo de motocicleta Con violencia,265.0
2017,9007,Iztapalapa,Robo de motocicleta Sin violencia,200.0
2017,9007,Iztapalapa,Robo de tractores Con violencia,1.0
2017,9007,Iztapalapa,Robo de tractores Sin violencia,0.0
2017,9007,Iztapalapa,Sin violencia,8447.0
2017,9008,La Magdalena Contreras,Con violencia,154.0
2017,9008,La Magdalena Contreras,"Robo de cables, tubos y otros objetos destinados a servicios públicos Con violencia",0.0
2017,9008,La Magdalena Contreras,"Robo de cables, tubos y otros objetos destinados a servicios públicos Sin violencia",0.0
2017,9008,La Magdalena Contreras,Robo de coche de 4 ruedas Con violencia,26.0
2017,9008,La Magdalena Contreras,Robo de coche de 4 ruedas Sin violencia,91.0
2017,9008,La Magdalena Contreras,Robo de embarcaciones pequeñas y grandes Con violencia,0.0
2017,9008,La Magdalena Contreras,Robo de embarcaciones pequeñas y grandes Sin violencia,0.0
2017,9008,La Magdalena Contreras,Robo de herramienta industrial o agrícola Con violencia,0.0
2017,9008,La Magdalena Contreras,Robo de herramienta industrial o agrícola Sin violencia,0.0
2017,9008,La Magdalena Contreras,Robo de motocicleta Con violencia,2.0
2017,9008,La Magdalena Contreras,Robo de motocicleta Sin violencia,6.0
2017,9008,La Magdalena Contreras,Robo de tractores Con violencia,0.0
2017,9008,La Magdalena Contreras,Robo de tractores Sin violencia,0.0
2017,9008,La Magdalena Contreras,Sin violencia,723.0
2017,9009,Milpa Alta,Con violencia,56.0
2017,9009,Milpa Alta,"Robo de cables, tubos y otros objetos destinados a servicios públicos Con violencia",0.0
2017,9009,Milpa Alta,"Robo de cables, tubos y otros objetos destinados a servicios públicos Sin violencia",0.0
2017,9009,Milpa Alta,Robo de coche de 4 ruedas Con violencia,25.0
2017,9009,Milpa Alta,Robo de coche de 4 ruedas Sin violencia,48.0
2017,9009,Milpa Alta,Robo de embarcaciones pequeñas y grandes Con violencia,0.0
2017,9009,Milpa Alta,Robo de embarcaciones pequeñas y grandes Sin violencia,0.0
2017,9009,Milpa Alta,Robo de herramienta industrial o agrícola Con violencia,0.0
2017,9009,Milpa Alta,Robo de herramienta industrial o agrícola Sin violencia,0.0
2017,9009,Milpa Alta,Robo de motocicleta Con violencia,0.0
2017,9009,Milpa Alta,Robo de motocicleta Sin violencia,4.0
2017,9009,Milpa Alta,Robo de tractores Con violencia,0.0
2017,9009,Milpa Alta,Robo de tractores Sin violencia,0.0
2017,9009,Milpa Alta,Sin violencia,230.0
2017,9010,Álvaro Obregón,Con violencia,1912.0
2017,9010,Álvaro Obregón,"Robo de cables, tubos y otros objetos destinados a servicios públicos Con violencia",0.0
2017,9010,Álvaro Obregón,"Robo de cables, tubos y otros objetos destinados a servicios públicos Sin violencia",0.0
2017,9010,Álvaro Obregón,Robo de coche de 4 ruedas Con violencia,163.0
2017,9010,Álvaro Obregón,Robo de coche de 4 ruedas Sin violencia,373.0
2017,9010,Álvaro Obregón,Robo de embarcaciones pequeñas y grandes Con violencia,0.0
2017,9010,Álvaro Obregón,Robo de embarcaciones pequeñas y grandes Sin violencia,0.0
2017,9010,Álvaro Obregón,Robo de herramienta industrial o agrícola Con violencia,0.0
2017,9010,Álvaro Obregón,Robo de herramienta industrial o agrícola Sin violencia,0.0
2017,9010,Álvaro Obregón,Robo de motocicleta Con violencia,64.0
2017,9010,Álvaro Obregón,Robo de motocicleta Sin violencia,73.0
2017,9010,Álvaro Obregón,Robo de tractores Con violencia,0.0
2017,9010,Álvaro Obregón,Robo de tractores Sin violencia,0.0
2017,9010,Álvaro Obregón,Sin violencia,3919.0
2017,9011,Tláhuac,Con violencia,596.0
2017,9011,Tláhuac,"Robo de cables, tubos y otros objetos destinados a servicios públicos Con violencia",0.0
2017,9011,Tláhuac,"Robo de cables, tubos y otros objetos destinados a servicios públicos Sin violencia",0.0
2017,9011,Tláhuac,Robo de coche de 4 ruedas Con violencia,66.0
2017,9011,Tláhuac,Robo de coche de 4 ruedas Sin violencia,195.0
2017,9011,Tláhuac,Robo de embarcaciones pequeñas y grandes Con violencia,0.0
2017,9011,Tláhuac,Robo de embarcaciones pequeñas y grandes Sin violencia,0.0
2017,9011,Tláhuac,Robo de herramienta industrial o agrícola Con violencia,0.0
2017,9011,Tláhuac,Robo de herramienta industrial o agrícola Sin violencia,0.0
2017,9011,Tláhuac,Robo de motocicleta Con violencia,38.0
2017,9011,Tláhuac,Robo de motocicleta Sin violencia,48.0
2017,9011,Tláhuac,Robo de tractores Con violencia,3.0
2017,9011,Tláhuac,Robo de tractores Sin violencia,0.0
2017,9011,Tláhuac,Sin violencia,938.0
2017,9012,Tlalpan,Con violencia,761.0
2017,9012,Tlalpan,"Robo de cables, tubos y otros objetos destinados a servicios públicos Con violencia",0.0
2017,9012,Tlalpan,"Robo de cables, tubos y otros objetos destinados a servicios públicos Sin violencia",0.0
2017,9012,Tlalpan,Robo de coche de 4 ruedas Con violencia,267.0
2017,9012,Tlalpan,Robo de coche de 4 ruedas Sin violencia,401.0
2017,9012,Tlalpan,Robo de embarcaciones pequeñas y grandes Con violencia,0.0
2017,9012,Tlalpan,Robo de embarcaciones pequeñas y grandes Sin violencia,0.0
2017,9012,Tlalpan,Robo de herramienta industrial o agrícola Con violencia,0.0
2017,9012,Tlalpan,Robo de herramienta industrial o agrícola Sin violencia,0.0
2017,9012,Tlalpan,Robo de motocicleta Con violencia,53.0
2017,9012,Tlalpan,Robo de motocicleta Sin violencia,56.0
2017,9012,Tlalpan,Robo de tractores Con violencia,1.0
2017,9012,Tlalpan,Robo de tractores Sin violencia,2.0
2017,9012,Tlalpan,Sin violencia,3752.0
2017,9013,Xochimilco,Con violencia,834.0
2017,9013,Xochimilco,"Robo de cables, tubos y otros objetos destinados a servicios públicos Con violencia",0.0
2017,9013,Xochimilco,"Robo de cables, tubos y otros objetos destinados a servicios públicos Sin violencia",0.0
2017,9013,Xochimilco,Robo de coche de 4 ruedas Con violencia,90.0
2017,9013,Xochimilco,Robo de coche de 4 ruedas Sin violencia,363.0
2017,9013,Xochimilco,Robo de embarcaciones pequeñas y grandes Con violencia,0.0
2017,9013,Xochimilco,Robo de embarcaciones pequeñas y grandes Sin violencia,0.0
2017,9013,Xochimilco,Robo de herramienta industrial o agrícola Con violencia,0.0
2017,9013,Xochimilco,Robo de herramienta industrial o agrícola Sin violencia,0.0
2017,9013,Xochimilco,Robo de motocicleta Con violencia,49.0
2017,9013,Xochimilco,Robo de motocicleta Sin violencia,79.0
2017,9013,Xochimilco,Robo de tractores Con violencia,2.0
2017,9013,Xochimilco,Robo de tractores Sin violencia,0.0
2017,9013,Xochimilco,Sin violencia,1309.0
2017,9014,Benito Juárez,Con violencia,1702.0
2017,9014,Benito Juárez,"Robo de cables, tubos y otros objetos destinados a servicios públicos Con violencia",0.0
2017,9014,Benito Juárez,"Robo de cables, tubos y otros objetos destinados a servicios públicos Sin violencia",0.0
2017,9014,Benito Juárez,Robo de coche de 4 ruedas Con violencia,85.0
2017,9014,Benito Juárez,Robo de coche de 4 ruedas Sin violencia,396.0
2017,9014,Benito Juárez,Robo de embarcaciones pequeñas y grandes Con violencia,0.0
2017,9014,Benito Juárez,Robo de embarcaciones pequeñas y grandes Sin violencia,0.0
2017,9014,Benito Juárez,Robo de herramienta industrial o agrícola Con violencia,0.0
2017,9014,Benito Juárez,Robo de herramienta industrial o agrícola Sin violencia,0.0
2017,9014,Benito Juárez,Robo de motocicleta Con violencia,43.0
2017,9014,Benito Juárez,Robo de motocicleta Sin violencia,86.0
2017,9014,Benito Juárez,Robo de tractores Con violencia,0.0
2017,9014,Benito Juárez,Robo de tractores Sin violencia,0.0
2017,9014,Benito Juárez,Sin violencia,8135.0
2017,9015,Cuauhtémoc,Con violencia,3646.0
2017,9015,Cuauhtémoc,"Robo de cables, tubos y otros objetos destinados a servicios públicos Con violencia",0.0
2017,9015,Cuauhtémoc,"Robo de cables, tubos y otros objetos destinados a servicios públicos Sin violencia",0.0
2017,9015,Cuauhtémoc,Robo de coche de 4 ruedas Con violencia,98.0
2017,9015,Cuauhtémoc,Robo de coche de 4 ruedas Sin violencia,409.0
2017,9015,Cuauhtémoc,Robo de embarcaciones pequeñas y grandes Con violencia,0.0
2017,9015,Cuauhtémoc,Robo de embarcaciones pequeñas y grandes Sin violencia,0.0
2017,9015,Cuauhtémoc,Robo de herramienta industrial o agrícola Con violencia,0.0
2017,9015,Cuauhtémoc,Robo de herramienta industrial o agrícola Sin violencia,0.0
2017,9015,Cuauhtémoc,Robo de motocicleta Con violencia,62.0
2017,9015,Cuauhtémoc,Robo de motocicleta Sin violencia,165.0
2017,9015,Cuauhtémoc,Robo de tractores Con violencia,1.0
2017,9015,Cuauhtémoc,Robo de tractores Sin violencia,0.0
2017,9015,Cuauhtémoc,Sin violencia,12252.0
2018,9002,Azcapotzalco,Con violencia,2232.0
2018,9002,Azcapotzalco,"Robo de cables, tubos y otros objetos destinados a servicios públicos Con violencia",0.0
2018,9002,Azcapotzalco,"Robo de cables, tubos y otros objetos destinados a servicios públicos Sin violencia",0.0
2018,9002,Azcapotzalco,Robo de coche de 4 ruedas Con violencia,229.0
2018,9002,Azcapotzalco,Robo de coche de 4 ruedas Sin violencia,452.0
2018,9002,Azcapotzalco,Robo de embarcaciones pequeñas y grandes Con violencia,0.0
2018,9002,Azcapotzalco,Robo de embarcaciones pequeñas y grandes Sin violencia,0.0
2018,9002,Azcapotzalco,Robo de herramienta industrial o agrícola Con violencia,0.0
2018,9002,Azcapotzalco,Robo de herramienta industrial o agrícola Sin violencia,0.0
2018,9002,Azcapotzalco,Robo de motocicleta Con violencia,62.0
2018,9002,Azcapotzalco,Robo de motocicleta Sin violencia,76.0
2018,9002,Azcapotzalco,Robo de tractores Con violencia,0.0
2018,9002,Azcapotzalco,Robo de tractores Sin violencia,0.0
2018,9002,Azcapotzalco,Sin violencia,3743.0
2018,9003,Coyoacán,Con violencia,1795.0
2018,9003,Coyoacán,"Robo de cables, tubos y otros objetos destinados a servicios públicos Con violencia",0.0
2018,9003,Coyoacán,"Robo de cables, tubos y otros objetos destinados a servicios públicos Sin violencia",0.0
2018,9003,Coyoacán,Robo de coche de 4 ruedas Con violencia,179.0
2018,9003,Coyoacán,Robo de coche de 4 ruedas Sin violencia,664.0
2018,9003,Coyoacán,Robo de embarcaciones pequeñas y grandes Con violencia,0.0
2018,9003,Coyoacán,Robo de embarcaciones pequeñas y grandes Sin violencia,0.0
2018,9003,Coyoacán,Robo de herramienta industrial o agrícola Con violencia,0.0
2018,9003,Coyoacán,Robo de herramienta industrial o agrícola Sin violencia,0.0
2018,9003,Coyoacán,Robo de motocicleta Con violencia,67.0
2018,9003,Coyoacán,Robo de motocicleta Sin violencia,108.0
2018,9003,Coyoacán,Robo de tractores Con violencia,2.0
2018,9003,Coyoacán,Robo de tractores Sin violencia,0.0
2018,9003,Coyoacán,Sin violencia,5328.0
2018,9004,Cuajimalpa de Morelos,Con violencia,210.0
2018,9004,Cuajimalpa de Morelos,"Robo de cables, tubos y otros objetos destinados a servicios públicos Con violencia",0.0
2018,9004,Cuajimalpa de Morelos,"Robo de cables, tubos y otros objetos destinados a servicios públicos Sin violencia",0.0
2018,9004,Cuajimalpa de Morelos,Robo de coche de 4 ruedas Con violencia,25.0
2018,9004,Cuajimalpa de Morelos,Robo de coche de 4 ruedas Sin violencia,57.0
2018,9004,Cuajimalpa de Morelos,Robo de embarcaciones pequeñas y grandes Con violencia,0.0
2018,9004,Cuajimalpa de Morelos,Robo de embarcaciones pequeñas y grandes Sin violencia,0.0
2018,9004,Cuajimalpa de Morelos,Robo de herramienta industrial o agrícola Con violencia,0.0
2018,9004,Cuajimalpa de Morelos,Robo de herramienta industrial o agrícola Sin violencia,0.0
2018,9004,Cuajimalpa de Morelos,Robo de motocicleta Con violencia,4.0
2018,9004,Cuajimalpa de Morelos,Robo de motocicleta Sin violencia,22.0
2018,9004,Cuajimalpa de Morelos,Robo de tractores Con violencia,0.0
2018,9004,Cuajimalpa de Morelos,Robo de tractores Sin violencia,1.0
2018,9004,Cuajimalpa de Morelos,Sin violencia,911.0
2018,9005,Gustavo A. Madero,Con violencia,3558.0
2018,9005,Gustavo A. Madero,"Robo de cables, tubos y otros objetos destinados a servicios públicos Con violencia",0.0
2018,9005,Gustavo A. Madero,"Robo de cables, tubos y otros objetos destinados a servicios públicos Sin violencia",0.0
2018,9005,Gustavo A. Madero,Robo de coche de 4 ruedas Con violencia,740.0
2018,9005,Gustavo A. Madero,Robo de coche de 4 ruedas Sin violencia,1080.0
2018,9005,Gustavo A. Madero,Robo de embarcaciones pequeñas y grandes Con violencia,0.0
2018,9005,Gustavo A. Madero,Robo de embarcaciones pequeñas y grandes Sin violencia,0.0
2018,9005,Gustavo A. Madero,Robo de herramienta industrial o agrícola Con violencia,0.0
2018,9005,Gustavo A. Madero,Robo de herramienta industrial o agrícola Sin violencia,0.0
2018,9005,Gustavo A. Madero,Robo de motocicleta Con violencia,93.0
2018,9005,Gustavo A. Madero,Robo de motocicleta Sin violencia,81.0
2018,9005,Gustavo A. Madero,Robo de tractores Con violencia,1.0
2018,9005,Gustavo A. Madero,Robo de tractores Sin violencia,0.0
2018,9005,Gustavo A. Madero,Sin violencia,6808.0
2018,9006,Iztacalco,Con violencia,2274.0
2018,9006,Iztacalco,"Robo de cables, tubos y otros objetos destinados a servicios públicos Con violencia",0.0
2018,9006,Iztacalco,"Robo de cables, tubos y otros objetos destinados a servicios públicos Sin violencia",0.0
2018,9006,Iztacalco,Robo de coche de 4 ruedas Con violencia,164.0
2018,9006,Iztacalco,Robo de coche de 4 ruedas Sin violencia,377.0
2018,9006,Iztacalco,Robo de embarcaciones pequeñas y grandes Con violencia,0.0
2018,9006,Iztacalco,Robo de embarcaciones pequeñas y grandes Sin violencia,0.0
2018,9006,Iztacalco,Robo de herramienta industrial o agrícola Con violencia,0.0
2018,9006,Iztacalco,Robo de herramienta industrial o agrícola Sin violencia,0.0
2018,9006,Iztacalco,Robo de motocicleta Con violencia,60.0
2018,9006,Iztacalco,Robo de motocicleta Sin violencia,44.0
2018,9006,Iztacalco,Robo de tractores Con violencia,1.0
2018,9006,Iztacalco,Robo de tractores Sin violencia,0.0
2018,9006,Iztacalco,Sin violencia,2763.0
2018,9007,Iztapalapa,Con violencia,7592.0
2018,9007,Iztapalapa,"Robo de cables, tubos y otros objetos destinados a servicios públicos Con violencia",0.0
2018,9007,Iztapalapa,"Robo de cables, tubos y otros objetos destinados a servicios públicos Sin violencia",0.0
2018,9007,Iztapalapa,Robo de coche de 4 ruedas Con violencia,997.0
2018,9007,Iztapalapa,Robo de coche de 4 ruedas Sin violencia,1343.0
2018,9007,Iztapalapa,Robo de embarcaciones pequeñas y grandes Con violencia,0.0
2018,9007,Iztapalapa,Robo de embarcaciones pequeñas y grandes Sin violencia,0.0
2018,9007,Iztapalapa,Robo de herramienta industrial o agrícola Con violencia,0.0
2018,9007,Iztapalapa,Robo de herramienta industrial o agrícola Sin violencia,0.0
2018,9007,Iztapalapa,Robo de motocicleta Con violencia,391.0
2018,9007,Iztapalapa,Robo de motocicleta Sin violencia,173.0
2018,9007,Iztapalapa,Robo de tractores Con violencia,2.0
2018,9007,Iztapalapa,Robo de tractores Sin violencia,1.0
2018,9007,Iztapalapa,Sin violencia,8499.0
2018,9008,La Magdalena Contreras,Con violencia,266.0
2018,9008,La Magdalena Contreras,"Robo de cables, tubos y otros objetos destinados a servicios públicos Con violencia",0.0
2018,9008,La Magdalena Contreras,"Robo de cables, tubos y otros objetos destinados a servicios públicos Sin violencia",0.0
2018,9008,La Magdalena Contreras,Robo de coche de 4 ruedas Con violencia,14.0
2018,9008,La Magdalena Contreras,Robo de coche de 4 ruedas Sin violencia,116.0
2018,9008,La Magdalena Contreras,Robo de embarcaciones pequeñas y grandes Con violencia,0.0
2018,9008,La Magdalena Contreras,Robo de embarcaciones pequeñas y grandes Sin violencia,0.0
2018,9008,La Magdalena Contreras,Robo de herramienta industrial o agrícola Con violencia,0.0
2018,9008,La Magdalena Contreras,Robo de herramienta industrial o agrícola Sin violencia,0.0
2018,9008,La Magdalena Contreras,Robo de motocicleta Con violencia,7.0
2018,9008,La Magdalena Contreras,Robo de motocicleta Sin violencia,12.0
2018,9008,La Magdalena Contreras,Robo de tractores Con violencia,0.0
2018,9008,La Magdalena Contreras,Robo de tractores Sin violencia,0.0
2018,9008,La Magdalena Contreras,Sin violencia,701.0
2018,9009,Milpa Alta,Con violencia,91.0
2018,9009,Milpa Alta,"Robo de cables, tubos y otros objetos destinados a servicios públicos Con violencia",0.0
2018,9009,Milpa Alta,"Robo de cables, tubos y otros objetos destinados a servicios públicos Sin violencia",0.0
2018,9009,Milpa Alta,Robo de coche de 4 ruedas Con violencia,28.0
2018,9009,Milpa Alta,Robo de coche de 4 ruedas Sin violencia,68.0
2018,9009,Milpa Alta,Robo de embarcaciones pequeñas y grandes Con violencia,0.0
2018,9009,Milpa Alta,Robo de embarcaciones pequeñas y grandes Sin violencia,0.0
2018,9009,Milpa Alta,Robo de herramienta industrial o agrícola Con violencia,0.0
2018,9009,Milpa Alta,Robo de herramienta industrial o agrícola Sin violencia,0.0
2018,9009,Milpa Alta,Robo de motocicleta Con violencia,5.0
2018,9009,Milpa Alta,Robo de motocicleta Sin violencia,11.0
2018,9009,Milpa Alta,Robo de tractores Con violencia,0.0
2018,9009,Milpa Alta,Robo de tractores Sin violencia,0.0
2018,9009,Milpa Alta,Sin violencia,268.0
2018,9010,Álvaro Obregón,Con violencia,2908.0
2018,9010,Álvaro Obregón,"Robo de cables, tubos y otros objetos destinados a servicios públicos Con violencia",0.0
2018,9010,Álvaro Obregón,"Robo de cables, tubos y otros objetos destinados a servicios públicos Sin violencia",0.0
2018,9010,Álvaro Obregón,Robo de coche de 4 ruedas Con violencia,208.0
2018,9010,Álvaro Obregón,Robo de coche de 4 ruedas Sin violencia,506.0
2018,9010,Álvaro Obregón,Robo de embarcaciones pequeñas y grandes Con violencia,0.0
2018,9010,Álvaro Obregón,Robo de embarcaciones pequeñas y grandes Sin violencia,0.0
2018,9010,Álvaro Obregón,Robo de herramienta industrial o agrícola Con violencia,0.0
2018,9010,Álvaro Obregón,Robo de herramienta industrial o agrícola Sin violencia,0.0
2018,9010,Álvaro Obregón,Robo de motocicleta Con violencia,59.0
2018,9010,Álvaro Obregón,Robo de motocicleta Sin violencia,67.0
2018,9010,Álvaro Obregón,Robo de tractores Con violencia,3.0
2018,9010,Álvaro Obregón,Robo de tractores Sin violencia,0.0
2018,9010,Álvaro Obregón,Sin violencia,4133.0
2018,9011,Tláhuac,Con violencia,788.0
2018,9011,Tláhuac,"Robo de cables, tubos y otros objetos destinados a servicios públicos Con violencia",0.0
2018,9011,Tláhuac,"Robo de cables, tubos y otros objetos destinados a servicios públicos Sin violencia",0.0
2018,9011,Tláhuac,Robo de coche de 4 ruedas Con violencia,124.0
2018,9011,Tláhuac,Robo de coche de 4 ruedas Sin violencia,188.0
2018,9011,Tláhuac,Robo de embarcaciones pequeñas y grandes Con violencia,0.0
2018,9011,Tláhuac,Robo de embarcaciones pequeñas y grandes Sin violencia,0.0
2018,9011,Tláhuac,Robo de herramienta industrial o agrícola Con violencia,0.0
2018,9011,Tláhuac,Robo de herramienta industrial o agrícola Sin violencia,0.0
2018,9011,Tláhuac,Robo de motocicleta Con violencia,75.0
2018,9011,Tláhuac,Robo de motocicleta Sin violencia,45.0
2018,9011,Tláhuac,Robo de tractores Con violencia,3.0
2018,9011,Tláhuac,Robo de tractores Sin violencia,2.0
2018,9011,Tláhuac,Sin violencia,1078.0
2018,9012,Tlalpan,Con violencia,1250.0
2018,9012,Tlalpan,"Robo de cables, tubos y otros objetos destinados a servicios públicos Con violencia",0.0
2018,9012,Tlalpan,"Robo de cables, tubos y otros objetos destinados a servicios públicos Sin violencia",0.0
2018,9012,Tlalpan,Robo de coche de 4 ruedas Con violencia,272.0
2018,9012,Tlalpan,Robo de coche de 4 ruedas Sin violencia,607.0
2018,9012,Tlalpan,Robo de embarcaciones pequeñas y grandes Con violencia,0.0
2018,9012,Tlalpan,Robo de embarcaciones pequeñas y grandes Sin violencia,0.0
2018,9012,Tlalpan,Robo de herramienta industrial o agrícola Con violencia,0.0
2018,9012,Tlalpan,Robo de herramienta industrial o agrícola Sin violencia,0.0
2018,9012,Tlalpan,Robo de motocicleta Con violencia,34.0
2018,9012,Tlalpan,Robo de motocicleta Sin violencia,50.0
2018,9012,Tlalpan,Robo de tractores Con violencia,1.0
2018,9012,Tlalpan,Robo de tractores Sin violencia,0.0
2018,9012,Tlalpan,Sin violencia,3687.0
2018,9013,Xochimilco,Con violencia,1146.0
2018,9013,Xochimilco,"Robo de cables, tubos y otros objetos destinados a servicios públicos Con violencia",0.0
2018,9013,Xochimilco,"Robo de cables, tubos y otros objetos destinados a servicios públicos Sin violencia",0.0
2018,9013,Xochimilco,Robo de coche de 4 ruedas Con violencia,117.0
2018,9013,Xochimilco,Robo de coche de 4 ruedas Sin violencia,371.0
2018,9013,Xochimilco,Robo de embarcaciones pequeñas y grandes Con violencia,0.0
2018,9013,Xochimilco,Robo de embarcaciones pequeñas y grandes Sin violencia,0.0
2018,9013,Xochimilco,Robo de herramienta industrial o agrícola Con violencia,0.0
2018,9013,Xochimilco,Robo de herramienta industrial o agrícola Sin violencia,0.0
2018,9013,Xochimilco,Robo de motocicleta Con violencia,79.0
2018,9013,Xochimilco,Robo de motocicleta Sin violencia,85.0
2018,9013,Xochimilco,Robo de tractores Con violencia,6.0
2018,9013,Xochimilco,Robo de tractores Sin violencia,0.0
2018,9013,Xochimilco,Sin violencia,1500.0
2018,9014,Benito Juárez,Con violencia,2490.0
2018,9014,Benito Juárez,"Robo de cables, tubos y otros objetos destinados a servicios públicos Con violencia",0.0
2018,9014,Benito Juárez,"Robo de cables, tubos y otros objetos destinados a servicios públicos Sin violencia",0.0
2018,9014,Benito Juárez,Robo de coche de 4 ruedas Con violencia,261.0
2018,9014,Benito Juárez,Robo de coche de 4 ruedas Sin violencia,780.0
2018,9014,Benito Juárez,Robo de embarcaciones pequeñas y grandes Con violencia,0.0
2018,9014,Benito Juárez,Robo de embarcaciones pequeñas y grandes Sin violencia,0.0
2018,9014,Benito Juárez,Robo de herramienta industrial o agrícola Con violencia,0.0
2018,9014,Benito Juárez,Robo de herramienta industrial o agrícola Sin violencia,0.0
2018,9014,Benito Juárez,Robo de motocicleta Con violencia,40.0
2018,9014,Benito Juárez,Robo de motocicleta Sin violencia,117.0
2018,9014,Benito Juárez,Robo de tractores Con violencia,0.0
2018,9014,Benito Juárez,Robo de tractores Sin violencia,0.0
2018,9014,Benito Juárez,Sin violencia,8726.0
2018,9015,Cuauhtémoc,Con violencia,5779.0
2018,9015,Cuauhtémoc,"Robo de cables, tubos y otros objetos destinados a servicios públicos Con violencia",0.0
2018,9015,Cuauhtémoc,"Robo de cables, tubos y otros objetos destinados a servicios públicos Sin violencia",0.0
2018,9015,Cuauhtémoc,Robo de coche de 4 ruedas Con violencia,136.0
2018,9015,Cuauhtémoc,Robo de coche de 4 ruedas Sin violencia,411.0
2018,9015,Cuauhtémoc,Robo de embarcaciones pequeñas y grandes Con violencia,0.0
2018,9015,Cuauhtémoc,Robo de embarcaciones pequeñas y grandes Sin violencia,0.0
2018,9015,Cuauhtémoc,Robo de herramienta industrial o agrícola Con violencia,0.0
2018,9015,Cuauhtémoc,Robo de herramienta industrial o agrícola Sin violencia,0.0
2018,9015,Cuauhtémoc,Robo de motocicleta Con violencia,21.0
2018,9015,Cuauhtémoc,Robo de motocicleta Sin violencia,162.0
2018,9015,Cuauhtémoc,Robo de tractores Con violencia,0.0
2018,9015,Cuauhtémoc,Robo de tractores Sin violencia,0.0
2018,9015,Cuauhtémoc,Sin violencia,13766.0
2019,9002,Azcapotzalco,Con violencia,1738.0
2019,9002,Azcapotzalco,"Robo de cables, tubos y otros objetos destinados a servicios públicos Con violencia",0.0
2019,9002,Azcapotzalco,"Robo de cables, tubos y otros objetos destinados a servicios públicos Sin violencia",0.0
2019,9002,Azcapotzalco,Robo de coche de 4 ruedas Con violencia,225.0
2019,9002,Azcapotzalco,Robo de coche de 4 ruedas Sin violencia,324.0
2019,9002,Azcapotzalco,Robo de embarcaciones pequeñas y grandes Con violencia,0.0
2019,9002,Azcapotzalco,Robo de embarcaciones pequeñas y grandes Sin violencia,0.0
2019,9002,Azcapotzalco,Robo de herramienta industrial o agrícola Con violencia,0.0
2019,9002,Azcapotzalco,Robo de herramienta industrial o agrícola Sin violencia,0.0
2019,9002,Azcapotzalco,Robo de motocicleta Con violencia,27.0
2019,9002,Azcapotzalco,Robo de motocicleta Sin violencia,52.0
2019,9002,Azcapotzalco,Robo de tractores Con violencia,0.0
2019,9002,Azcapotzalco,Robo de tractores Sin violencia,0.0
2019,9002,Azcapotzalco,Sin violencia,2766.0
2019,9003,Coyoacán,Con violencia,1209.0
2019,9003,Coyoacán,"Robo de cables, tubos y otros objetos destinados a servicios públicos Con violencia",0.0
2019,9003,Coyoacán,"Robo de cables, tubos y otros objetos destinados a servicios públicos Sin violencia",0.0
2019,9003,Coyoacán,Robo de coche de 4 ruedas Con violencia,177.0
2019,9003,Coyoacán,Robo de coche de 4 ruedas Sin violencia,639.0
2019,9003,Coyoacán,Robo de embarcaciones pequeñas y grandes Con violencia,0.0
2019,9003,Coyoacán,Robo de embarcaciones pequeñas y grandes Sin violencia,0.0
2019,9003,Coyoacán,Robo de herramienta industrial o agrícola Con violencia,0.0
2019,9003,Coyoacán,Robo de herramienta industrial o agrícola Sin violencia,0.0
2019,9003,Coyoacán,Robo de motocicleta Con violencia,54.0
2019,9003,Coyoacán,Robo de motocicleta Sin violencia,122.0
2019,9003,Coyoacán,Robo de tractores Con violencia,0.0
2019,9003,Coyoacán,Robo de tractores Sin violencia,0.0
2019,9003,Coyoacán,Sin violencia,4889.0
2019,9004,Cuajimalpa de Morelos,Con violencia,193.0
2019,9004,Cuajimalpa de Morelos,"Robo de cables, tubos y otros objetos destinados a servicios públicos Con violencia",0.0
2019,9004,Cuajimalpa de Morelos,"Robo de cables, tubos y otros objetos destinados a servicios públicos Sin violencia",0.0
2019,9004,Cuajimalpa de Morelos,Robo de coche de 4 ruedas Con violencia,15.0
2019,9004,Cuajimalpa de Morelos,Robo de coche de 4 ruedas Sin violencia,59.0
2019,9004,Cuajimalpa de Morelos,Robo de embarcaciones pequeñas y grandes Con violencia,0.0
2019,9004,Cuajimalpa de Morelos,Robo de embarcaciones pequeñas y grandes Sin violencia,0.0
2019,9004,Cuajimalpa de Morelos,Robo de herramienta industrial o agrícola Con violencia,0.0
2019,9004,Cuajimalpa de Morelos,Robo de herramienta industrial o agrícola Sin violencia,0.0
2019,9004,Cuajimalpa de Morelos,Robo de motocicleta Con violencia,0.0
2019,9004,Cuajimalpa de Morelos,Robo de motocicleta Sin violencia,18.0
2019,9004,Cuajimalpa de Morelos,Robo de tractores Con violencia,0.0
2019,9004,Cuajimalpa de Morelos,Robo de tractores Sin violencia,0.0
2019,9004,Cuajimalpa de Morelos,Sin violencia,980.0
2019,9005,Gustavo A. Madero,Con violencia,3599.0
2019,9005,Gustavo A. Madero,"Robo de cables, tubos y otros objetos destinados a servicios públicos Con violencia",0.0
2019,9005,Gustavo A. Madero,"Robo de cables, tubos y otros objetos destinados a servicios públicos Sin violencia",0.0
2019,9005,Gustavo A. Madero,Robo de coche de 4 ruedas Con violencia,709.0
2019,9005,Gustavo A. Madero,Robo de coche de 4 ruedas Sin violencia,869.0
2019,9005,Gustavo A. Madero,Robo de embarcaciones pequeñas y grandes Con violencia,0.0
2019,9005,Gustavo A. Madero,Robo de embarcaciones pequeñas y grandes Sin violencia,0.0
2019,9005,Gustavo A. Madero,Robo de herramienta industrial o agrícola Con violencia,0.0
2019,9005,Gustavo A. Madero,Robo de herramienta industrial o agrícola Sin violencia,0.0
2019,9005,Gustavo A. Madero,Robo de motocicleta Con violencia,85.0
2019,9005,Gustavo A. Madero,Robo de motocicleta Sin violencia,161.0
2019,9005,Gustavo A. Madero,Robo de tractores Con violencia,1.0
2019,9005,Gustavo A. Madero,Robo de tractores Sin violencia,0.0
2019,9005,Gustavo A. Madero,Sin violencia,5249.0
2019,9006,Iztacalco,Con violencia,2093.0
2019,9006,Iztacalco,"Robo de cables, tubos y otros objetos destinados a servicios públicos Con violencia",0.0
2019,9006,Iztacalco,"Robo de cables, tubos y otros objetos destinados a servicios públicos Sin violencia",0.0
2019,9006,Iztacalco,Robo de coche de 4 ruedas Con violencia,127.0
2019,9006,Iztacalco,Robo de coche de 4 ruedas Sin violencia,395.0
2019,9006,Iztacalco,Robo de embarcaciones pequeñas y grandes Con violencia,0.0
2019,9006,Iztacalco,Robo de embarcaciones pequeñas y grandes Sin violencia,0.0
2019,9006,Iztacalco,Robo de herramienta industrial o agrícola Con violencia,0.0
2019,9006,Iztacalco,Robo de herramienta industrial o agrícola Sin violencia,0.0
2019,9006,Iztacalco,Robo de motocicleta Con violencia,66.0
2019,9006,Iztacalco,Robo de motocicleta Sin violencia,47.0
2019,9006,Iztacalco,Robo de tractores Con violencia,0.0
2019,9006,Iztacalco,Robo de tractores Sin violencia,1.0
2019,9006,Iztacalco,Sin violencia,2109.0
2019,9007,Iztapalapa,Con violencia,6925.0
2019,9007,Iztapalapa,"Robo de cables, tubos y otros objetos destinados a servicios públicos Con violencia",0.0
2019,9007,Iztapalapa,"Robo de cables, tubos y otros objetos destinados a servicios públicos Sin violencia",0.0
2019,9007,Iztapalapa,Robo de coche de 4 ruedas Con violencia,773.0
2019,9007,Iztapalapa,Robo de coche de 4 ruedas Sin violencia,1369.0
2019,9007,Iztapalapa,Robo de embarcaciones pequeñas y grandes Con violencia,0.0
2019,9007,Iztapalapa,Robo de embarcaciones pequeñas y grandes Sin violencia,0.0
2019,9007,Iztapalapa,Robo de herramienta industrial o agrícola Con violencia,0.0
2019,9007,Iztapalapa,Robo de herramienta industrial o agrícola Sin violencia,0.0
2019,9007,Iztapalapa,Robo de motocicleta Con violencia,250.0
2019,9007,Iztapalapa,Robo de motocicleta Sin violencia,228.0
2019,9007,Iztapalapa,Robo de tractores Con violencia,7.0
2019,9007,Iztapalapa,Robo de tractores Sin violencia,1.0
2019,9007,Iztapalapa,Sin violencia,8077.0
2019,9008,La Magdalena Contreras,Con violencia,309.0
2019,9008,La Magdalena Contreras,"Robo de cables, tubos y otros objetos destinados a servicios públicos Con violencia",0.0
2019,9008,La Magdalena Contreras,"Robo de cables, tubos y otros objetos destinados a servicios públicos Sin violencia",0.0
2019,9008,La Magdalena Contreras,Robo de coche de 4 ruedas Con violencia,27.0
2019,9008,La Magdalena Contreras,Robo de coche de 4 ruedas Sin violencia,145.0
2019,9008,La Magdalena Contreras,Robo de embarcaciones pequeñas y grandes Con violencia,0.0
2019,9008,La Magdalena Contreras,Robo de embarcaciones pequeñas y grandes Sin violencia,0.0
2019,9008,La Magdalena Contreras,Robo de herramienta industrial o agrícola Con violencia,0.0
2019,9008,La Magdalena Contreras,Robo de herramienta industrial o agrícola Sin violencia,0.0
2019,9008,La Magdalena Contreras,Robo de motocicleta Con violencia,14.0
2019,9008,La Magdalena Contreras,Robo de motocicleta Sin violencia,26.0
2019,9008,La Magdalena Contreras,Robo de tractores Con violencia,0.0
2019,9008,La Magdalena Contreras,Robo de tractores Sin violencia,0.0
2019,9008,La Magdalena Contreras,Sin violencia,718.0
2019,9009,Milpa Alta,Con violencia,95.0
2019,9009,Milpa Alta,"Robo de cables, tubos y otros objetos destinados a servicios públicos Con violencia",0.0
2019,9009,Milpa Alta,"Robo de cables, tubos y otros objetos destinados a servicios públicos Sin violencia",0.0
2019,9009,Milpa Alta,Robo de coche de 4 ruedas Con violencia,21.0
2019,9009,Milpa Alta,Robo de coche de 4 ruedas Sin violencia,50.0
2019,9009,Milpa Alta,Robo de embarcaciones pequeñas y grandes Con violencia,0.0
2019,9009,Milpa Alta,Robo de embarcaciones pequeñas y grandes Sin violencia,0.0
2019,9009,Milpa Alta,Robo de herramienta industrial o agrícola Con violencia,0.0
2019,9009,Milpa Alta,Robo de herramienta industrial o agrícola Sin violencia,0.0
2019,9009,Milpa Alta,Robo de motocicleta Con violencia,2.0
2019,9009,Milpa Alta,Robo de motocicleta Sin violencia,8.0
2019,9009,Milpa Alta,Robo de tractores Con violencia,0.0
2019,9009,Milpa Alta,Robo de tractores Sin violencia,0.0
2019,9009,Milpa Alta,Sin violencia,219.0
2019,9010,Álvaro Obregón,Con violencia,3078.0
2019,9010,Álvaro Obregón,"Robo de cables, tubos y otros objetos destinados a servicios públicos Con violencia",0.0
2019,9010,Álvaro Obregón,"Robo de cables, tubos y otros objetos destinados a servicios públicos Sin violencia",0.0
2019,9010,Álvaro Obregón,Robo de coche de 4 ruedas Con violencia,232.0
2019,9010,Álvaro Obregón,Robo de coche de 4 ruedas Sin violencia,559.0
2019,9010,Álvaro Obregón,Robo de embarcaciones pequeñas y grandes Con violencia,0.0
2019,9010,Álvaro Obregón,Robo de embarcaciones pequeñas y grandes Sin violencia,0.0
2019,9010,Álvaro Obregón,Robo de herramienta industrial o agrícola Con violencia,0.0
2019,9010,Álvaro Obregón,Robo de herramienta industrial o agrícola Sin violencia,0.0
2019,9010,Álvaro Obregón,Robo de motocicleta Con violencia,57.0
2019,9010,Álvaro Obregón,Robo de motocicleta Sin violencia,105.0
2019,9010,Álvaro Obregón,Robo de tractores Con violencia,0.0
2019,9010,Álvaro Obregón,Robo de tractores Sin violencia,2.0
2019,9010,Álvaro Obregón,Sin violencia,4093.0
2019,9011,Tláhuac,Con violencia,841.0
2019,9011,Tláhuac,"Robo de cables, tubos y otros objetos destinados a servicios públicos Con violencia",0.0
2019,9011,Tláhuac,"Robo de cables, tubos y otros objetos destinados a servicios públicos Sin violencia",0.0
2019,9011,Tláhuac,Robo de coche de 4 ruedas Con violencia,109.0
2019,9011,Tláhuac,Robo de coche de 4 ruedas Sin violencia,241.0
2019,9011,Tláhuac,Robo de embarcaciones pequeñas y grandes Con violencia,0.0
2019,9011,Tláhuac,Robo de embarcaciones pequeñas y grandes Sin violencia,0.0
2019,9011,Tláhuac,Robo de herramienta industrial o agrícola Con violencia,0.0
2019,9011,Tláhuac,Robo de herramienta industrial o agrícola Sin violencia,0.0
2019,9011,Tláhuac,Robo de motocicleta Con violencia,42.0
2019,9011,Tláhuac,Robo de motocicleta Sin violencia,43.0
2019,9011,Tláhuac,Robo de tractores Con violencia,4.0
2019,9011,Tláhuac,Robo de tractores Sin violencia,1.0
2019,9011,Tláhuac,Sin violencia,932.0
2019,9012,Tlalpan,Con violencia,1090.0
2019,9012,Tlalpan,"Robo de cables, tubos y otros objetos destinados a servicios públicos Con violencia",0.0
2019,9012,Tlalpan,"Robo de cables, tubos y otros objetos destinados a servicios públicos Sin violencia",0.0
2019,9012,Tlalpan,Robo de coche de 4 ruedas Con violencia,338.0
2019,9012,Tlalpan,Robo de coche de 4 ruedas Sin violencia,616.0
2019,9012,Tlalpan,Robo de embarcaciones pequeñas y grandes Con violencia,0.0
2019,9012,Tlalpan,Robo de embarcaciones pequeñas y grandes Sin violencia,0.0
2019,9012,Tlalpan,Robo de herramienta industrial o agrícola Con violencia,0.0
2019,9012,Tlalpan,Robo de herramienta industrial o agrícola Sin violencia,0.0
2019,9012,Tlalpan,Robo de motocicleta Con violencia,47.0
2019,9012,Tlalpan,Robo de motocicleta Sin violencia,70.0
2019,9012,Tlalpan,Robo de tractores Con violencia,1.0
2019,9012,Tlalpan,Robo de tractores Sin violencia,0.0
2019,9012,Tlalpan,Sin violencia,4052.0
2019,9013,Xochimilco,Con violencia,996.0
2019,9013,Xochimilco,"Robo de cables, tubos y otros objetos destinados a servicios públicos Con violencia",0.0
2019,9013,Xochimilco,"Robo de cables, tubos y otros objetos destinados a servicios públicos Sin violencia",0.0
2019,9013,Xochimilco,Robo de coche de 4 ruedas Con violencia,143.0
2019,9013,Xochimilco,Robo de coche de 4 ruedas Sin violencia,321.0
2019,9013,Xochimilco,Robo de embarcaciones pequeñas y grandes Con violencia,0.0
2019,9013,Xochimilco,Robo de embarcaciones pequeñas y grandes Sin violencia,0.0
2019,9013,Xochimilco,Robo de herramienta industrial o agrícola Con violencia,0.0
2019,9013,Xochimilco,Robo de herramienta industrial o agrícola Sin violencia,0.0
2019,9013,Xochimilco,Robo de motocicleta Con violencia,72.0
2019,9013,Xochimilco,Robo de motocicleta Sin violencia,65.0
2019,9013,Xochimilco,Robo de tractores Con violencia,1.0
2019,9013,Xochimilco,Robo de tractores Sin violencia,3.0
2019,9013,Xochimilco,Sin violencia,1406.0
2019,9014,Benito Juárez,Con violencia,1804.0
2019,9014,Benito Juárez,"Robo de cables, tubos y otros objetos destinados a servicios públicos Con violencia",0.0
2019,9014,Benito Juárez,"Robo de cables, tubos y otros objetos destinados a servicios públicos Sin violencia",0.0
2019,9014,Benito Juárez,Robo de coche de 4 ruedas Con violencia,149.0
2019,9014,Benito Juárez,Robo de coche de 4 ruedas Sin violencia,533.0
2019,9014,Benito Juárez,Robo de embarcaciones pequeñas y grandes Con violencia,0.0
2019,9014,Benito Juárez,Robo de embarcaciones pequeñas y grandes Sin violencia,0.0
2019,9014,Benito Juárez,Robo de herramienta industrial o agrícola Con violencia,0.0
2019,9014,Benito Juárez,Robo de herramienta industrial o agrícola Sin violencia,0.0
2019,9014,Benito Juárez,Robo de motocicleta Con violencia,37.0
2019,9014,Benito Juárez,Robo de motocicleta Sin violencia,181.0
2019,9014,Benito Juárez,Robo de tractores Con violencia,2.0
2019,9014,Benito Juárez,Robo de tractores Sin violencia,0.0
2019,9014,Benito Juárez,Sin violencia,7917.0
2019,9015,Cuauhtémoc,Con violencia,3679.0
2019,9015,Cuauhtémoc,"Robo de cables, tubos y otros objetos destinados a servicios públicos Con violencia",0.0
2019,9015,Cuauhtémoc,"Robo de cables, tubos y otros objetos destinados a servicios públicos Sin violencia",0.0
2019,9015,Cuauhtémoc,Robo de coche de 4 ruedas Con violencia,96.0
2019,9015,Cuauhtémoc,Robo de coche de 4 ruedas Sin violencia,299.0
2019,9015,Cuauhtémoc,Robo de embarcaciones pequeñas y grandes Con violencia,0.0
2019,9015,Cuauhtémoc,Robo de embarcaciones pequeñas y grandes Sin violencia,0.0
2019,9015,Cuauhtémoc,Robo de herramienta industrial o agrícola Con violencia,0.0
2019,9015,Cuauhtémoc,Robo de herramienta industrial o agrícola Sin violencia,0.0
2019,9015,Cuauhtémoc,Robo de motocicleta Con violencia,35.0
2019,9015,Cuauhtémoc,Robo de motocicleta Sin violencia,229.0
2019,9015,Cuauhtémoc,Robo de tractores Con violencia,0.0
2019,9015,Cuauhtémoc,Robo de tractores Sin violencia,1.0
2019,9015,Cuauhtémoc,Sin violencia,11634.0
2020,9002,Azcapotzalco,Con violencia,1624.0
2020,9002,Azcapotzalco,"Robo de cables, tubos y otros objetos destinados a servicios públicos Con violencia",0.0
2020,9002,Azcapotzalco,"Robo de cables, tubos y otros objetos destinados a servicios públicos Sin violencia",0.0
2020,9002,Azcapotzalco,Robo de coche de 4 ruedas Con violencia,152.0
2020,9002,Azcapotzalco,Robo de coche de 4 ruedas Sin violencia,308.0
2020,9002,Azcapotzalco,Robo de embarcaciones pequeñas y grandes Con violencia,0.0
2020,9002,Azcapotzalco,Robo de embarcaciones pequeñas y grandes Sin violencia,0.0
2020,9002,Azcapotzalco,Robo de herramienta industrial o agrícola Con violencia,0.0
2020,9002,Azcapotzalco,Robo de herramienta industrial o agrícola Sin violencia,0.0
2020,9002,Azcapotzalco,Robo de motocicleta Con violencia,29.0
2020,9002,Azcapotzalco,Robo de motocicleta Sin violencia,29.0
2020,9002,Azcapotzalco,Robo de tractores Con violencia,0.0
2020,9002,Azcapotzalco,Robo de tractores Sin violencia,1.0
2020,9002,Azcapotzalco,Sin violencia,2304.0
2020,9003,Coyoacán,Con violencia,927.0
2020,9003,Coyoacán,"Robo de cables, tubos y otros objetos destinados a servicios públicos Con violencia",0.0
2020,9003,Coyoacán,"Robo de cables, tubos y otros objetos destinados a servicios públicos Sin violencia",0.0
2020,9003,Coyoacán,Robo de coche de 4 ruedas Con violencia,157.0
2020,9003,Coyoacán,Robo de coche de 4 ruedas Sin violencia,476.0
2020,9003,Coyoacán,Robo de embarcaciones pequeñas y grandes Con violencia,0.0
2020,9003,Coyoacán,Robo de embarcaciones pequeñas y grandes Sin violencia,0.0
2020,9003,Coyoacán,Robo de herramienta industrial o agrícola Con violencia,0.0
2020,9003,Coyoacán,Robo de herramienta industrial o agrícola Sin violencia,0.0
2020,9003,Coyoacán,Robo de motocicleta Con violencia,30.0
2020,9003,Coyoacán,Robo de motocicleta Sin violencia,134.0
2020,9003,Coyoacán,Robo de tractores Con violencia,1.0
2020,9003,Coyoacán,Robo de tractores Sin violencia,1.0
2020,9003,Coyoacán,Sin violencia,4070.0
2020,9004,Cuajimalpa de Morelos,Con violencia,191.0
2020,9004,Cuajimalpa de Morelos,"Robo de cables, tubos y otros objetos destinados a servicios públicos Con violencia",0.0
2020,9004,Cuajimalpa de Morelos,"Robo de cables, tubos y otros objetos destinados a servicios públicos Sin violencia",0.0
2020,9004,Cuajimalpa de Morelos,Robo de coche de 4 ruedas Con violencia,8.0
2020,9004,Cuajimalpa de Morelos,Robo de coche de 4 ruedas Sin violencia,58.0
2020,9004,Cuajimalpa de Morelos,Robo de embarcaciones pequeñas y grandes Con violencia,0.0
2020,9004,Cuajimalpa de Morelos,Robo de embarcaciones pequeñas y grandes Sin violencia,0.0
2020,9004,Cuajimalpa de Morelos,Robo de herramienta industrial o agrícola Con violencia,0.0
2020,9004,Cuajimalpa de Morelos,Robo de herramienta industrial o agrícola Sin violencia,0.0
2020,9004,Cuajimalpa de Morelos,Robo de motocicleta Con violencia,4.0
2020,9004,Cuajimalpa de Morelos,Robo de motocicleta Sin violencia,14.0
2020,9004,Cuajimalpa de Morelos,Robo de tractores Con violencia,0.0
2020,9004,Cuajimalpa de Morelos,Robo de tractores Sin violencia,0.0
2020,9004,Cuajimalpa de Morelos,Sin violencia,731.0
2020,9005,Gustavo A. Madero,Con violencia,2240.0
2020,9005,Gustavo A. Madero,"Robo de cables, tubos y otros objetos destinados a servicios públicos Con violencia",0.0
2020,9005,Gustavo A. Madero,"Robo de cables, tubos y otros objetos destinados a servicios públicos Sin violencia",0.0
2020,9005,Gustavo A. Madero,Robo de coche de 4 ruedas Con violencia,452.0
2020,9005,Gustavo A. Madero,Robo de coche de 4 ruedas Sin violencia,641.0
2020,9005,Gustavo A. Madero,Robo de embarcaciones pequeñas y grandes Con violencia,0.0
2020,9005,Gustavo A. Madero,Robo de embarcaciones pequeñas y grandes Sin violencia,0.0
2020,9005,Gustavo A. Madero,Robo de herramienta industrial o agrícola Con violencia,0.0
2020,9005,Gustavo A. Madero,Robo de herramienta industrial o agrícola Sin violencia,0.0
2020,9005,Gustavo A. Madero,Robo de motocicleta Con violencia,62.0
2020,9005,Gustavo A. Madero,Robo de motocicleta Sin violencia,99.0
2020,9005,Gustavo A. Madero,Robo de tractores Con violencia,2.0
2020,9005,Gustavo A. Madero,Robo de tractores Sin violencia,0.0
2020,9005,Gustavo A. Madero,Sin violencia,4250.0
2020,9006,Iztacalco,Con violencia,1053.0
2020,9006,Iztacalco,"Robo de cables, tubos y otros objetos destinados a servicios públicos Con violencia",0.0
2020,9006,Iztacalco,"Robo de cables, tubos y otros objetos destinados a servicios públicos Sin violencia",0.0
2020,9006,Iztacalco,Robo de coche de 4 ruedas Con violencia,108.0
2020,9006,Iztacalco,Robo de coche de 4 ruedas Sin violencia,274.0
2020,9006,Iztacalco,Robo de embarcaciones pequeñas y grandes Con violencia,0.0
2020,9006,Iztacalco,Robo de embarcaciones pequeñas y grandes Sin violencia,0.0
2020,9006,Iztacalco,Robo de herramienta industrial o agrícola Con violencia,0.0
2020,9006,Iztacalco,Robo de herramienta industrial o agrícola Sin violencia,0.0
2020,9006,Iztacalco,Robo de motocicleta Con violencia,48.0
2020,9006,Iztacalco,Robo de motocicleta Sin violencia,44.0
2020,9006,Iztacalco,Robo de tractores Con violencia,2.0
2020,9006,Iztacalco,Robo de tractores Sin violencia,1.0
2020,9006,Iztacalco,Sin violencia,1505.0
2020,9007,Iztapalapa,Con violencia,4819.0
2020,9007,Iztapalapa,"Robo de cables, tubos y otros objetos destinados a servicios públicos Con violencia",0.0
2020,9007,Iztapalapa,"Robo de cables, tubos y otros objetos destinados a servicios públicos Sin violencia",0.0
2020,9007,Iztapalapa,Robo de coche de 4 ruedas Con violencia,589.0
2020,9007,Iztapalapa,Robo de coche de 4 ruedas Sin violencia,996.0
2020,9007,Iztapalapa,Robo de embarcaciones pequeñas y grandes Con violencia,0.0
2020,9007,Iztapalapa,Robo de embarcaciones pequeñas y grandes Sin violencia,0.0
2020,9007,Iztapalapa,Robo de herramienta industrial o agrícola Con violencia,0.0
2020,9007,Iztapalapa,Robo de herramienta industrial o agrícola Sin violencia,0.0
2020,9007,Iztapalapa,Robo de motocicleta Con violencia,203.0
2020,9007,Iztapalapa,Robo de motocicleta Sin violencia,251.0
2020,9007,Iztapalapa,Robo de tractores Con violencia,7.0
2020,9007,Iztapalapa,Robo de tractores Sin violencia,1.0
2020,9007,Iztapalapa,Sin violencia,5508.0
2020,9008,La Magdalena Contreras,Con violencia,251.0
2020,9008,La Magdalena Contreras,"Robo de cables, tubos y otros objetos destinados a servicios públicos Con violencia",0.0
2020,9008,La Magdalena Contreras,"Robo de cables, tubos y otros objetos destinados a servicios públicos Sin violencia",0.0
2020,9008,La Magdalena Contreras,Robo de coche de 4 ruedas Con violencia,43.0
2020,9008,La Magdalena Contreras,Robo de coche de 4 ruedas Sin violencia,113.0
2020,9008,La Magdalena Contreras,Robo de embarcaciones pequeñas y grandes Con violencia,0.0
2020,9008,La Magdalena Contreras,Robo de embarcaciones pequeñas y grandes Sin violencia,0.0
2020,9008,La Magdalena Contreras,Robo de herramienta industrial o agrícola Con violencia,0.0
2020,9008,La Magdalena Contreras,Robo de herramienta industrial o agrícola Sin violencia,0.0
2020,9008,La Magdalena Contreras,Robo de motocicleta Con violencia,12.0
2020,9008,La Magdalena Contreras,Robo de motocicleta Sin violencia,22.0
2020,9008,La Magdalena Contreras,Robo de tractores Con violencia,0.0
2020,9008,La Magdalena Contreras,Robo de tractores Sin violencia,0.0
2020,9008,La Magdalena Contreras,Sin violencia,535.0
2020,9009,Milpa Alta,Con violencia,80.0
2020,9009,Milpa Alta,"Robo de cables, tubos y otros objetos destinados a servicios públicos Con violencia",0.0
2020,9009,Milpa Alta,"Robo de cables, tubos y otros objetos destinados a servicios públicos Sin violencia",0.0
2020,9009,Milpa Alta,Robo de coche de 4 ruedas Con violencia,28.0
2020,9009,Milpa Alta,Robo de coche de 4 ruedas Sin violencia,51.0
2020,9009,Milpa Alta,Robo de embarcaciones pequeñas y grandes Con violencia,0.0
2020,9009,Milpa Alta,Robo de embarcaciones pequeñas y grandes Sin violencia,0.0
2020,9009,Milpa Alta,Robo de herramienta industrial o agrícola Con violencia,0.0
2020,9009,Milpa Alta,Robo de herramienta industrial o agrícola Sin violencia,0.0
2020,9009,Milpa Alta,Robo de motocicleta Con violencia,3.0
2020,9009,Milpa Alta,Robo de motocicleta Sin violencia,7.0
2020,9009,Milpa Alta,Robo de tractores Con violencia,0.0
2020,9009,Milpa Alta,Robo de tractores Sin violencia,0.0
2020,9009,Milpa Alta,Sin violencia,202.0
2020,9010,Álvaro Obregón,Con violencia,2190.0
2020,9010,Álvaro Obregón,"Robo de cables, tubos y otros objetos destinados a servicios públicos Con violencia",0.0
2020,9010,Álvaro Obregón,"Robo de cables, tubos y otros objetos destinados a servicios públicos Sin violencia",0.0
2020,9010,Álvaro Obregón,Robo de coche de 4 ruedas Con violencia,164.0
2020,9010,Álvaro Obregón,Robo de coche de 4 ruedas Sin violencia,395.0
2020,9010,Álvaro Obregón,Robo de embarcaciones pequeñas y grandes Con violencia,0.0
2020,9010,Álvaro Obregón,Robo de embarcaciones pequeñas y grandes Sin violencia,0.0
2020,9010,Álvaro Obregón,Robo de herramienta industrial o agrícola Con violencia,0.0
2020,9010,Álvaro Obregón,Robo de herramienta industrial o agrícola Sin violencia,0.0
2020,9010,Álvaro Obregón,Robo de motocicleta Con violencia,48.0
2020,9010,Álvaro Obregón,Robo de motocicleta Sin violencia,87.0
2020,9010,Álvaro Obregón,Robo de tractores Con violencia,0.0
2020,9010,Álvaro Obregón,Robo de tractores Sin violencia,5.0
2020,9010,Álvaro Obregón,Sin violencia,3096.0
2020,9011,Tláhuac,Con violencia,675.0
2020,9011,Tláhuac,"Robo de cables, tubos y otros objetos destinados a servicios públicos Con violencia",0.0
2020,9011,Tláhuac,"Robo de cables, tubos y otros objetos destinados a servicios públicos Sin violencia",0.0
2020,9011,Tláhuac,Robo de coche de 4 ruedas Con violencia,65.0
2020,9011,Tláhuac,Robo de coche de 4 ruedas Sin violencia,201.0
2020,9011,Tláhuac,Robo de embarcaciones pequeñas y grandes Con violencia,0.0
2020,9011,Tláhuac,Robo de embarcaciones pequeñas y grandes Sin violencia,0.0
2020,9011,Tláhuac,Robo de herramienta industrial o agrícola Con violencia,0.0
2020,9011,Tláhuac,Robo de herramienta industrial o agrícola Sin violencia,0.0
2020,9011,Tláhuac,Robo de motocicleta Con violencia,49.0
2020,9011,Tláhuac,Robo de motocicleta Sin violencia,73.0
2020,9011,Tláhuac,Robo de tractores Con violencia,1.0
2020,9011,Tláhuac,Robo de tractores Sin violencia,0.0
2020,9011,Tláhuac,Sin violencia,634.0
2020,9012,Tlalpan,Con violencia,902.0
2020,9012,Tlalpan,"Robo de cables, tubos y otros objetos destinados a servicios públicos Con violencia",0.0
2020,9012,Tlalpan,"Robo de cables, tubos y otros objetos destinados a servicios públicos Sin violencia",0.0
2020,9012,Tlalpan,Robo de coche de 4 ruedas Con violencia,326.0
2020,9012,Tlalpan,Robo de coche de 4 ruedas Sin violencia,452.0
2020,9012,Tlalpan,Robo de embarcaciones pequeñas y grandes Con violencia,0.0
2020,9012,Tlalpan,Robo de embarcaciones pequeñas y grandes Sin violencia,0.0
2020,9012,Tlalpan,Robo de herramienta industrial o agrícola Con violencia,0.0
2020,9012,Tlalpan,Robo de herramienta industrial o agrícola Sin violencia,0.0
2020,9012,Tlalpan,Robo de motocicleta Con violencia,30.0
2020,9012,Tlalpan,Robo de motocicleta Sin violencia,83.0
2020,9012,Tlalpan,Robo de tractores Con violencia,2.0
2020,9012,Tlalpan,Robo de tractores Sin violencia,1.0
2020,9012,Tlalpan,Sin violencia,3015.0
2020,9013,Xochimilco,Con violencia,528.0
2020,9013,Xochimilco,"Robo de cables, tubos y otros objetos destinados a servicios públicos Con violencia",0.0
2020,9013,Xochimilco,"Robo de cables, tubos y otros objetos destinados a servicios públicos Sin violencia",0.0
2020,9013,Xochimilco,Robo de coche de 4 ruedas Con violencia,122.0
2020,9013,Xochimilco,Robo de coche de 4 ruedas Sin violencia,332.0
2020,9013,Xochimilco,Robo de embarcaciones pequeñas y grandes Con violencia,0.0
2020,9013,Xochimilco,Robo de embarcaciones pequeñas y grandes Sin violencia,0.0
2020,9013,Xochimilco,Robo de herramienta industrial o agrícola Con violencia,0.0
2020,9013,Xochimilco,Robo de herramienta industrial o agrícola Sin violencia,0.0
2020,9013,Xochimilco,Robo de motocicleta Con violencia,39.0
2020,9013,Xochimilco,Robo de motocicleta Sin violencia,56.0
2020,9013,Xochimilco,Robo de tractores Con violencia,1.0
2020,9013,Xochimilco,Robo de tractores Sin violencia,0.0
2020,9013,Xochimilco,Sin violencia,1177.0
2020,9014,Benito Juárez,Con violencia,1279.0
2020,9014,Benito Juárez,"Robo de cables, tubos y otros objetos destinados a servicios públicos Con violencia",0.0
2020,9014,Benito Juárez,"Robo de cables, tubos y otros objetos destinados a servicios públicos Sin violencia",0.0
2020,9014,Benito Juárez,Robo de coche de 4 ruedas Con violencia,123.0
2020,9014,Benito Juárez,Robo de coche de 4 ruedas Sin violencia,423.0
2020,9014,Benito Juárez,Robo de embarcaciones pequeñas y grandes Con violencia,0.0
2020,9014,Benito Juárez,Robo de embarcaciones pequeñas y grandes Sin violencia,0.0
2020,9014,Benito Juárez,Robo de herramienta industrial o agrícola Con violencia,0.0
2020,9014,Benito Juárez,Robo de herramienta industrial o agrícola Sin violencia,0.0
2020,9014,Benito Juárez,Robo de motocicleta Con violencia,29.0
2020,9014,Benito Juárez,Robo de motocicleta Sin violencia,88.0
2020,9014,Benito Juárez,Robo de tractores Con violencia,4.0
2020,9014,Benito Juárez,Robo de tractores Sin violencia,0.0
2020,9014,Benito Juárez,Sin violencia,5183.0
2020,9015,Cuauhtémoc,Con violencia,1960.0
2020,9015,Cuauhtémoc,"Robo de cables, tubos y otros objetos destinados a servicios públicos Con violencia",0.0
2020,9015,Cuauhtémoc,"Robo de cables, tubos y otros objetos destinados a servicios públicos Sin violencia",0.0
2020,9015,Cuauhtémoc,Robo de coche de 4 ruedas Con violencia,82.0
2020,9015,Cuauhtémoc,Robo de coche de 4 ruedas Sin violencia,250.0
2020,9015,Cuauhtémoc,Robo de embarcaciones pequeñas y grandes Con violencia,0.0
2020,9015,Cuauhtémoc,Robo de embarcaciones pequeñas y grandes Sin violencia,0.0
2020,9015,Cuauhtémoc,Robo de herramienta industrial o agrícola Con violencia,0.0
2020,9015,Cuauhtémoc,Robo de herramienta industrial o agrícola Sin violencia,0.0
2020,9015,Cuauhtémoc,Robo de motocicleta Con violencia,22.0
2020,9015,Cuauhtémoc,Robo de motocicleta Sin violencia,152.0
2020,9015,Cuauhtémoc,Robo de tractores Con violencia,3.0
2020,9015,Cuauhtémoc,Robo de tractores Sin violencia,1.0
2020,9015,Cuauhtémoc,Sin violencia,7847.0
